Code,产品名称
AAPL.US,苹果
MSFT.US,微软
GOOG.US,谷歌C
GOOGL.US,谷歌A
AMZN.US,亚马逊
NVDA.US,英伟达
BRK.A.US,伯克希尔哈撒韦 A
BRK.B.US,伯克希尔哈撒韦 B
TSLA.US,特斯拉
META.US,Meta
LLY.US,礼来
UNH.US,联合健康
XOM.US,埃克森美孚
TSM.US,台积电
V.US,维萨
WMT.US,沃尔玛
JPM.US,摩根大通
JNJ.US,强生
NVO.US,诺和诺德
MA.US,万事达
PG.US,宝洁
AVGO.US,博通
CVX.US,雪佛龙
HD.US,家得宝
ORCL.US,甲骨文
MRK.US,默沙东
ABBV.US,艾伯维
TM.US,丰田汽车
KO.US,可口可乐
COST.US,好市多
PEP.US,百事
ADBE.US,奥多比
ASML.US,阿斯麦
BABA.US,阿里巴巴
BAC.US,美国银行
SHEL.US,壳牌
CSCO.US,思科
AZN.US,阿斯利康
NVS.US,诺华
CRM.US,赛富时
ACN.US,埃森哲
MCD.US,麦当劳
TMO.US,赛默飞世尔
CMCSA.US,康卡斯特
PFE.US,辉瑞
DHR.US,丹纳赫
LIN.US,Linde
ABT.US,雅培
NFLX.US,奈飞
TMUS.US,T-Mobile US
SAP.US,SAP
TTE.US,道达尔
HSBC.US,汇丰控股
AMD.US,超威半导体
WFC.US,富国银行
DIS.US,迪士尼
PM.US,菲利普莫里斯
TXN.US,德州仪器
BHP.US,必和必拓集团
AMGN.US,安进
INTC.US,英特尔
COP.US,康菲石油
INTU.US,财捷
VZ.US,威瑞森通信
CAT.US,卡特彼勒
NKE.US,耐克
MS.US,摩根士丹利
NEE.US,新纪元能源
SNY.US,赛诺菲-安万特
IBM.US,IBM
KOF.US,可口可乐凡萨瓶装
UPS.US,联合包裹
UNP.US,联合太平洋
PDD.US,拼多多
UL.US,联合利华
HON.US,霍尼韦尔
RY.US,加拿大皇家银行
BMY.US,百时美施贵宝
LOW.US,劳氏
GE.US,通用电气
QCOM.US,高通
BA.US,波音
SPGI.US,标普全球
AMAT.US,应用材料
NOW.US,ServiceNow
AXP.US,美国运通
BUD.US,百威英博
TD.US,多伦多道明银行
BP.US,英国石油
DE.US,迪尔
HDB.US,HDFC银行
BKNG.US,Booking Holdings
SYK.US,史赛克
T.US,美国电话电报
GS.US,高盛
SBUX.US,星巴克
MUFG.US,三菱日联金融
MDT.US,美敦力
PLD.US,安博
ELV.US,Elevance Health
RTX.US,RTX
LMT.US,洛克希德马丁
TJX.US,TJX零售
SONY.US,索尼
ISRG.US,直觉外科
SCHW.US,嘉信理财
ADP.US,自动数据处理
BLK.US,贝莱德
MMC.US,威达信
EQNR.US,Equinor
MDLZ.US,亿滋国际
GILD.US,吉利德科学
CVS.US,西维斯
UBER.US,优步
VRTX.US,福泰制药
REGN.US,再生元制药
CB.US,安达保险
ADI.US,亚德诺
DEO.US,帝亚吉欧
CI.US,The Cigna
ABNB.US,爱彼迎
ETN.US,伊顿
SLB.US,斯伦贝谢
PGR.US,美国前进保险
LRCX.US,拉姆研究
UBS.US,瑞银
ZTS.US,硕腾
RIO.US,力拓
IBN.US,印度工业信贷投资银行
BX.US,黑石
C.US,花旗
BSX.US,波士顿科学
AMT.US,美国电塔
BDX.US,碧迪医疗
GSK.US,葛兰素史克
SO.US,南方电力
MU.US,美光科技
MO.US,奥驰亚集团
BTI.US,英美烟草
ATVI.US,动视暴雪
INFY.US,印孚瑟斯
ENB.US,安桥
CME.US,芝加哥商品交易所
VMW.US,威睿
CNI.US,加拿大国家铁路
DUK.US,杜克能源
EOG.US,EOG能源
CP.US,Canadian Pacific
FI.US,费哲金融服务
ITW.US,伊利诺伊机械
PANW.US,Palo Alto Networks
SMFG.US,三井住友金融
HCA.US,HCA健康护理
EQIX.US,易昆尼克斯
AON.US,怡安
SHOP.US,Shopify
SNPS.US,新思科技
CNQ.US,加拿大自然资源
CHTR.US,Charter通信
NTES.US,网易
FDX.US,联邦快递
SHW.US,宣伟
RELX.US,RELX
NOC.US,诺斯罗普·格鲁门
MELI.US,拉美商业服务
APD.US,空气化工
PYPL.US,贝宝
WM.US,美国废物管理
CDNS.US,铿腾电子
CSX.US,CSX运输
ICE.US,洲际交易所
KLAC.US,科磊
BMO.US,蒙特利尔银行
MPC.US,马拉松原油
HUM.US,哈门那
WDAY.US,Workday
STLA.US,Stellantis
SAN.US,桑坦德银行
CL.US,高露洁
VALE.US,淡水河谷
GD.US,通用动力
EPD.US,企业产品伙伴
MCO.US,穆迪
MCK.US,麦克森
HMC.US,本田
MAR.US,万豪酒店
SCCO.US,南方铜业
TRI.US,汤森路透
MNST.US,怪物饮料
BNS.US,加拿大丰业银行
ORLY.US,奥莱利
PBR.US,巴西石油
AMX.US,美洲移动
ANET.US,Arista Networks
OXY.US,西方石油
EMR.US,艾默生电气
E.US,埃尼石油
BN.US,布鲁克菲尔德
MMM.US,3M
KKR.US,Kkr
FCX.US,麦克莫兰铜金
ROP.US,儒博实业
EL.US,雅诗兰黛
PSX.US,Phillips 66
ARM.US,Arm Holdings
RACE.US,法拉利
PXD.US,先锋自然资源
TGT.US,塔吉特
CMG.US,墨式烧烤
CTAS.US,信达思
APO.US,阿波罗全球管理
VLO.US,瓦莱罗能源
USB.US,美国合众银行
NXPI.US,恩智浦
DELL.US,戴尔科技
TEAM.US,Atlassian
AJG.US,亚瑟加拉格尔
F.US,福特汽车
PH.US,派克汉尼汾
APH.US,安诺电子
SNOW.US,Snowflake
TAK.US,武田制药
ECL.US,艺康
MET.US,大都会人寿
PNC.US,PNC金融服务
JD.US,京东
BBVA.US,西班牙外换银行
LULU.US,露露柠檬运动成衣
ING.US,荷兰国际
STZ.US,星座品牌
TDG.US,TransDigm Group
NGG.US,英国电力
PSA.US,大众仓储
MSI.US,摩托罗拉解决方案
RSG.US,共和废品处理
KDP.US,Keurig Dr Pepper
BIDU.US,百度
MFG.US,瑞穗金融
HES.US,赫斯
NSC.US,诺福克南方
AZO.US,汽车地带
TT.US,Trane技术
FTNT.US,飞塔信息
AFL.US,美国家庭人寿保险
SRE.US,Sempra
MRVL.US,迈威尔科技
GM.US,通用汽车
PCAR.US,帕卡
CARR.US,开利全球
SU.US,森科能源
WDS.US,Woodside Energy
AIG.US,美国国际集团
ODFL.US,Old Dominion Freight
ADSK.US,欧特克
ET.US,能源转换
WELL.US,Welltower
HSY.US,好时
EW.US,爱德华兹生命科学
KHC.US,卡夫亨氏
MCHP.US,微芯科技
KMB.US,金佰利
LI.US,理想汽车
CPRT.US,科帕特
ABEV.US,安贝夫啤酒
ADM.US,阿彻丹尼尔斯米德兰
CRH.US,CRH水泥
WMB.US,威廉姆斯
AEP.US,美国电力
PAYX.US,沛齐
MSCI.US,Msci
ON.US,安森美半导体
SGEN.US,Seagen
EXC.US,爱克斯龙
D.US,道明尼能源
CCI.US,冠城国际
KVUE.US,Kenvue
COR.US,Cencora
FMX.US,墨西哥经济开发
CRWD.US,CrowdStrike Holdings
STM.US,意法半导体
TEL.US,泰科电子
HLT.US,希尔顿酒店
ALC.US,爱尔康
LNG.US,Cheniere能源
TRV.US,旅行者保险
NUE.US,纽柯钢铁
MRNA.US,Moderna
ROST.US,罗斯百货
GIS.US,通用磨坊
HLN.US,Haleon
JCI.US,江森自控
IBKR.US,盈透证券
COF.US,第一资本金融
CVE.US,Cenovus能源
TRP.US,TC Energy
TTD.US,The Trade Desk
TFC.US,Truist Financial
BIIB.US,渤健
DLR.US,数字房地产信托
CNC.US,康西哥
CM.US,加拿大帝国商业银行
KMI.US,金德尔摩根
DHI.US,霍顿房屋
O.US,Realty Income
SPG.US,西蒙地产
HAL.US,哈里伯顿
CTVA.US,Corteva
VFS.US,VinFast Auto
IQV.US,艾昆纬
BCE.US,加拿大贝尔
IDXX.US,IDEXX实验室
PCG.US,太平洋煤气和电力
BKR.US,Baker Hughes
CEG.US,Constellation Energy
WCN.US,Waste Connections
FWONK.US,Liberty Formula One C
DOW.US,陶氏
CTSH.US,高知特
VRSK.US,Verisk分析
MPLX.US,Mplx
YUM.US,百胜餐饮
LVS.US,金沙集团
PRU.US,保德信金融
AME.US,阿美特克
SYY.US,西斯科
MFC.US,宏利金融
LYG.US,劳埃德银行
AMP.US,阿默普莱斯金融
IMO.US,帝国石油
GWW.US,固安捷
DXCM.US,德康医疗
DD.US,陶氏杜邦
OTIS.US,奥的斯
BK.US,纽约梅隆银行
FIS.US,富达国民信息服务
XEL.US,埃克西尔能源
KR.US,克罗格
LHX.US,L3Harris技术
CMI.US,康明斯
VEEV.US,Veeva Systems
LEN.US,莱纳
A.US,安捷伦科技
NEM.US,纽蒙特
PKX.US,浦项钢铁
ROK.US,罗克韦尔自动化
NU.US,Nu Holdings
MBLY.US,Mobileye Global
EA.US,艺电
CSGP.US,科斯塔
ARES.US,Ares Management
FWONA.US,Liberty Formula One A
GFS.US,Globalfoundries
ORAN.US,法国电信
ED.US,爱迪生联合电气
GPN.US,环汇
FAST.US,快扣
FERG.US,Ferguson
LYB.US,利安德巴塞尔
PUK.US,保诚保险
NTR.US,Nutrien
PPG.US,PPG工业
CPNG.US,Coupang
SPOT.US,Spotify Technology
PLTR.US,Palantir
PEG.US,公共服务企业
ACGL.US,艾奇资本
VICI.US,VICI Properties
DASH.US,Doordash
DVN.US,戴文能源
ALL.US,好事达保险
OKE.US,欧尼克（万欧卡）
URI.US,联合租赁
LEN.B.US,莱纳B类普通
BCS.US,巴克莱银行
ARGX.US,argenx
GEHC.US,GE HealthCare
SLF.US,永明金融
CCEP.US,可口可乐欧洲太平洋
BF.B.US,布朗-福曼B
DDOG.US,Datadog
CHT.US,中华电
IT.US,加特纳
GOLD.US,巴里克黄金
APTV.US,Aptiv
CDW.US,CDW
WIT.US,Wipro
WST.US,西医服务
PWR.US,广达
SQ.US,Block
VOD.US,沃达丰
WBD.US,Warner Bros
FNV.US,弗兰科-内华达
WEC.US,WEC能源集团
FANG.US,Diamondback能源
CQP.US,Cheniere能源合作伙伴
VMC.US,火神材料
GLW.US,康宁
HZNP.US,Horizon Therapeutics
HPQ.US,惠普
NWG.US,NatWest Group
ANSS.US,安西斯
EXR.US,Extra Space Storage
FTV.US,Fortive
EIX.US,爱迪生国际
IR.US,英格索兰
EC.US,哥伦比亚国家石油
AWK.US,美国水业
AVB.US,艾芙隆海湾社区
MLM.US,马丁-玛丽埃塔材料
BNTX.US,BioNTech
TEF.US,西班牙电信
TU.US,泰勒斯
TCOM.US,携程
TLK.US,印尼电信
ZBH.US,齐默巴奥米特控股
SPLK.US,Splunk
AEM.US,伊格尔矿业
DAL.US,达美航空
HUBS.US,Hubspot
MTD.US,梅特勒-托利多
MDB.US,MongoDB
NDAQ.US,纳斯达克
GMAB.US,Genmab
YUMC.US,百胜中国
DG.US,达乐
TROW.US,普信集团
GIB.US,CGI
TTWO.US,双互动软件
RCL.US,皇家加勒比邮轮
CHD.US,丘奇＆德怀特
CBRE.US,世邦魏理仕
KEYS.US,Keysight技术
DLTR.US,美元树
EBAY.US,eBay
WY.US,惠好
ALGN.US,艾利科技
RYAAY.US,瑞安航空
IX.US,欧力士
EQR.US,公平住屋
EFX.US,艾可菲
ZS.US,Zscaler
WTW.US,Willis Towers Watson
HIG.US,哈特福德金融服务
TSCO.US,牵引机供销
CAH.US,卡地纳健康
STE.US,思泰瑞医疗
FICO.US,Fair Isaac
HEI.US,海科航空
DTE.US,DTE能源
XYL.US,赛莱默
ES.US,能源方案
HPE.US,慧与
DB.US,德意志银行
SBAC.US,SBA通信
DFS.US,发现金融
BR.US,布罗德里奇
QSR.US,餐饮品牌国际
STT.US,道富
NOK.US,诺基亚
RCI.US,罗杰斯通信
MPWR.US,Monolithic Power
ALNY.US,阿尔尼拉姆制药
HRL.US,荷美尔食品
RJF.US,瑞杰金融
AEE.US,阿曼瑞恩
ILMN.US,Illumina
TECK.US,泰克资源
MT.US,安赛乐米塔尔
ZM.US,Zoom Video通讯
FE.US,第一能源
MTB.US,美国制商银行
K.US,家乐氏
VRSN.US,威瑞信
ICLR.US,Icon
GPC.US,通用配件
MKC.US,味好美
BRO.US,布朗保险经纪
BEKE.US,贝壳
ETR.US,安特吉
SE.US,冬海集团
MKL.US,Markel Group
BGNE.US,百济神州
GRMN.US,佳明
RMD.US,瑞思迈
BSBR.US,桑坦德银行(巴西)
INVH.US,Invitation Homes
FLT.US,FleetCor科技
ZTO.US,中通快递
FCNCA.US,第一公民银行股份
DOV.US,都福
ALB.US,美国雅保
FTS.US,Fortis
TDY.US,Teledyne
CTRA.US,Coterra Energy
ULTA.US,犹他美容
WPM.US,Wheaton Precious
JBHT.US,JB Hunt运输服务
RIVN.US,Rivian Automotive
MOH.US,Molina Healthcare
NVR.US,NVR
NET.US,Cloudflare
TW.US,Tradeweb Markets
BAX.US,百特国际
WAB.US,美国西屋制动
PHG.US,飞利浦
TRGP.US,Targa Resources
HWM.US,Howmet Aerospace
PPL.US,PPL能源
RTO.US,Rentokil Initial
ROL.US,Rollins
LPLA.US,LPL投资
LYV.US,Live Nation
TS.US,泰纳瑞斯钢铁
WBA.US,沃尔格林联合博姿
LH.US,徕博科
TSN.US,泰森食品
IRM.US,铁山
PFG.US,信安金融
PINS.US,Pinterest
CNP.US,中点能源
OWL.US,Blue Owl
UMC.US,联电
ARE.US,亚历山大房地产
FITB.US,五三银行
LLYVK.US,Liberty Live C
LLYVA.US,Liberty Live A
FSLR.US,第一太阳能
DRI.US,达登饭店
CCJ.US,加拿大铀矿
IFF.US,国际香料香精
SYM.US,Symbotic
HOLX.US,豪洛捷
VTR.US,芬塔
ERIC.US,爱立信
EG.US,Everest Group
EXPD.US,康捷国际物流
COIN.US,Coinbase Global
CINF.US,辛辛那提金融
STLD.US,钢铁动力
WRB.US,WR柏克利
PTC.US,PTC
LUV.US,西南航空
PBA.US,Pembina Pipeline
J.US,雅各布工程
BG.US,邦吉
FDS.US,慧甚
RKT.US,Rocket
ATO.US,ATMOS能源
CMS.US,CMS能源
CLX.US,高乐氏
HUBB.US,哈勃集团
CNHI.US,CNH Industrial
ASX.US,日月光投控
ENPH.US,Enphase Energy
TYL.US,泰勒科技
AKAM.US,阿克迈
COO.US,库珀医疗
BMRN.US,拜玛林制药
CF.US,CF实业
PHM.US,普得集团
KB.US,韩国国民银行
SQM.US,智利矿业化工
CHKP.US,Check Point软件
RF.US,地区金融
WAT.US,沃特世
NTAP.US,美国网存
RPRX.US,Royalty Pharma
MRO.US,马拉松石油
WMG.US,华纳音乐
CCL.US,嘉年华邮轮
RBLX.US,Roblox
IEX.US,IDEX
BALL.US,鲍尔包装
PAYC.US,Paycom Software
SIRI.US,Sirius XM Holdings
WLK.US,Westlake
TXT.US,德事隆
SWKS.US,思佳讯
RS.US,信实钢铝加工
FOXA.US,福克斯A
MGA.US,曼格纳国际
BLDR.US,Builders Firstsource
MAA.US,MAA房产信托
SUI.US,Sun Communities
EPAM.US,Epam Systems
BBY.US,百思买
HBAN.US,亨廷顿银行
VIV.US,保罗迪圣电讯
SUZ.US,Suzano
TER.US,泰瑞达
NIO.US,蔚来
AXON.US,Axon Enterprise
AVY.US,艾利丹尼森
OMC.US,宏盟集团
L.US,洛斯保险
WDC.US,西部数据
AER.US,Aercap飞机租赁
EXPE.US,Expedia
SHG.US,新韩金融
EDR.US,Endeavor Group
BSY.US,Bentley Systems
NTRS.US,北方信托
EBR.US,巴西电力
AVTR.US,Avantor
XPEV.US,小鹏汽车
TRU.US,TransUnion
TPL.US,Texas Pacific Land
UAL.US,联合航空控股
FOX.US,福克斯B
SNAP.US,Snap
BIP.US,布鲁克菲尔德公共建设
JBL.US,捷普
BAH.US,博思艾伦咨询
MMP.US,麦哲伦油气
EQT.US,EQT能源
VRT.US,Vertiv Holdings
DGX.US,奎斯特诊疗
ESS.US,埃塞克斯信托
CAG.US,康尼格拉
LW.US,Lamb Weston Holdings
STX.US,希捷科技
DT.US,Dynatrace
ENTG.US,英特格
RVTY.US,珀金埃尔默
SNA.US,实耐宝
LBRDK.US,Liberty Broadband C
LBRDA.US,Liberty Broadband A
CE.US,塞拉尼斯
POOL.US,Pool
PKG.US,美国包装
ERIE.US,伊瑞保险
GRAB.US,Grab Holdings
DPZ.US,达美乐比萨
ACI.US,艾伯森
BAM.US,Brookfield Asset
SSNC.US,SS&C技术控股
DECK.US,戴克斯户外
LII.US,雷诺士
OKTA.US,Okta
LKQ.US,LKQ
APP.US,Applovin
SYF.US,Synchrony Financial
AEG.US,荷兰全球保险
FMS.US,费森尤斯医疗
AMCR.US,Amcor
NMR.US,野村控股
INCY.US,因塞特医疗
LNT.US,美国联合能源
AGR.US,Avangrid
SJM.US,JM斯马克
TAP.US,摩森康胜B
CELH.US,Celsius控股
DKNG.US,DraftKings
RYAN.US,Ryan Specialty
SWK.US,史丹利百得
MGM.US,美高梅
AZPN.US,艾斯本科技
NDSN.US,Nordson
LSXMK.US,Liberty SiriusXM C
CPB.US,康宝浓汤
CSL.US,卡莱尔伙伴
HTHT.US,华住
LSXMA.US,Liberty SiriusXM A
CFG.US,Citizens
LDOS.US,Leidos Holdings
IHG.US,洲际酒店集团
BEN.US,富兰克林资源
SMCI.US,超微电脑
TRMB.US,天宝导航
AMH.US,American Homes 4
GGG.US,固瑞克
OVV.US,Ovintiv
XP.US,XP
IOT.US,Samsara
APA.US,阿帕奇
CRBG.US,Corebridge Financial
ELS.US,宜居生活资产信托
WPC.US,W. P. Carey
EVRG.US,Evergy
GLPI.US,Gaming And Leisure
VST.US,Vistra
RPM.US,RPM国际
GFL.US,GFL Environmental
KMX.US,车美仕
U.US,Unity
OC.US,欧文斯科宁
EXAS.US,精密科学
GEN.US,Gen Digital
MANH.US,曼哈顿联合软件
WSO.US,华斯科
MAS.US,马斯可木业
UDR.US,UDR不动产信托
MOS.US,美盛
IP.US,国际纸业
LCID.US,Lucid Group
ZBRA.US,斑马技术
NWS.US,新闻集团B
JHX.US,詹姆斯哈迪
TEVA.US,梯瓦制药
VTRS.US,Viatris
FLEX.US,伟创力国际
LEGN.US,传奇生物
MTCH.US,Match Group
RBA.US,RB Global
LSCC.US,莱迪思半导体
ACM.US,AECOM
FNF.US,富达国民金融A
NWSA.US,新闻集团
HST.US,豪斯特酒店
TFII.US,TFI International
LOGI.US,罗技
SRPT.US,Sarepta医疗
NBIX.US,神经分泌生物科学
IPG.US,埃培智
RDY.US,如瑞迪博士
SNN.US,施乐辉
PAA.US,全美平地管道
UHAL.US,U-Haul Holding
NI.US,尼索斯
TECH.US,Bio-Techne
KIM.US,金克地产
CG.US,凯雷集团
CNA.US,CNA金融
SRAD.US,Sportradar Group
NICE.US,NICE
PODD.US,银休特
CHK.US,切萨皮克能源
PSTG.US,Pure Storage
JKHY.US,杰克亨利
TME.US,腾讯音乐
GDDY.US,Godaddy
GFI.US,金田
TWLO.US,Twilio
PAG.US,潘世奇汽车
PNR.US,滨特尔
ARCC.US,阿瑞斯资本
H.US,凯悦酒店
AES.US,爱依斯电力
BILL.US,BILL Holdings
DINO.US,HF Sinclair
UHAL.B.US,U-Haul Holding N
CCK.US,皇冠控股
Z.US,Zillow Group C
BAP.US,Credicorp
REXR.US,雷克斯工业房地产
CPT.US,卡姆登物业信托
UTHR.US,联合治疗
GL.US,Globe Life
WYNN.US,永利度假村
REG.US,Regency Centers
MORN.US,晨星信息
RNR.US,复兴控股
CASY.US,凯西通用零售
ZG.US,Zillow Group A
WES.US,Western Midstream
BIO.US,Bio Rad实验室A
SAIA.US,Saia
PARAA.US,派拉蒙全球 A
CRL.US,查尔斯河
DOX.US,Amdocs
COTY.US,科蒂
LECO.US,林肯电气控股
CDAY.US,Ceridian HCM Holding
BCH.US,智利银行
CHRW.US,罗宾逊全球物流
TOST.US,Toast
KEY.US,Keycorp
CZR.US,凯撒娱乐
EME.US,EMCOR Group
PCTY.US,Paylocity Holding
KNSL.US,Kinsale Capital
CX.US,西麦斯
RGA.US,美国再保险集团
USFD.US,美国食品控股
NLY.US,安纳利资本管理
ROKU.US,Roku
UNM.US,尤纳姆
BJ.US,BJ批发俱乐部控股
EQH.US,Equitable控股
WPP.US,WPP
RRX.US,Regal Rexnord
AOS.US,A.O.史密斯
OTEX.US,Open Text
AFG.US,美国金融
WTRG.US,Essential
TFX.US,泰利福
BWA.US,博格华纳
SNX.US,新聚思
HSIC.US,亨利香恩服务
FND.US,地板装饰控股
PEN.US,Penumbra
BXP.US,波士顿地产
MTN.US,Vail Resorts
ARMK.US,Aramark
FFIV.US,F5
DKS.US,迪克体育用品
EDU.US,新东方
PFGC.US,性能食品集团
DBX.US,Dropbox
TPG.US,TPG
PATH.US,UiPath
QRVO.US,Qorvo
PCOR.US,Procore
BRKR.US,布鲁克
FTI.US,TechnipFMC
ALLE.US,Allegion Public
WMS.US,Advanced Drainage
CLH.US,清洁海港
HAS.US,孩之宝
WRK.US,WestRock
DVA.US,达维塔保健
QGEN.US,快而精医药
WSM.US,威廉索诺玛
EMN.US,伊士曼化工
JNPR.US,瞻博网络
RGEN.US,雷普里根
ONON.US,On Holding
ESLT.US,Elbit系统
SCI.US,国际服务
PAC.US,太平洋航空
CFLT.US,Confluent
NVT.US,nVent Electric
BURL.US,伯灵顿百货
NRG.US,NRG能源
HOOD.US,Robinhood Markets
PNW.US,西帕纳卡资本
UHS.US,Universal Health
CIG.C.US,Energy Co
UI.US,厄比奎蒂
CUBE.US,CubeSmart
AGCO.US,爱科集团
DAR.US,美国达尔令国际
CHDN.US,邱吉尔园
COLD.US,Americold Realty
BSAC.US,桑坦德银行（智利）
LAMR.US,拉马尔户外广告
WEX.US,WEX
FMC.US,FMC
SBS.US,SABESP
GLOB.US,Globant
DOCU.US,DocuSign
AAL.US,美国航空
KEP.US,韩国电力
KVYO.US,Klaviyo
NTNX.US,路坦力
SSL.US,南非萨索尔
TTC.US,托罗配件
JAZZ.US,爵士制药
SKM.US,韩国SK电信
CART.US,Maplebear
LBTYK.US,自由全球C类普通
FUTU.US,富途控股
FIVE.US,Five Below
WSC.US,WillScot Mobile
PARA.US,派拉蒙全球
JEF.US,杰富瑞金融
TTEK.US,德照科技
CTLT.US,Catalent
ALV.US,奥托立夫
OHI.US,Omega Healthcare
KNX.US,Knight-Swift
MNSO.US,名创优品
MKTX.US,MarketAxess Holdings
ALLY.US,Ally金融
LAD.US,利西亚车行
STVN.US,Stevanato Group
ATR.US,阿普达集团
NYCB.US,纽约社区银行
VIPS.US,唯品会
NOV.US,NOV
HII.US,亨廷顿英戈尔斯工业
KBR.US,KBR科技
SEIC.US,SEI投资
ROIV.US,Roivant Sciences
TOL.US,托尔兄弟
XPO.US,XPO
CVNA.US,Carvana
FBIN.US,Fortune Brands
UWMC.US,UWM Holdings
BLD.US,Topbuild
NATI.US,美国国家仪器
ETSY.US,Etsy
ITT.US,ITT
ESTC.US,Elastic
IEP.US,伊坎企业
RHI.US,Robert Half
CHWY.US,Chewy
ORI.US,欧德共和国际
LEA.US,李尔
DLB.US,杜比实验室
TX.US,特尔尼翁钢铁
AIZ.US,安信龙保险
CHE.US,Chemed
ASR.US,东南亚机场集团
EGP.US,EastGroup Properties
LBTYA.US,自由全球
AU.US,盎格鲁黄金
SEDG.US,Solaredge
MAT.US,美泰
MNDY.US,monday.com
CW.US,寇蒂斯莱特
FRT.US,FRT信托
WCC.US,西科国际
PSO.US,培生
EWBC.US,华美
CAE.US,CAE
BBWI.US,Bath & Body Works
OLED.US,通用显示器
WWD.US,伍德沃德
AGL.US,agilon health
PR.US,Permian Resources
TIMB.US,TIM
GNTX.US,真泰克
HLI.US,华利安
CCCS.US,CCC Intelligent
MEDP.US,Medpace控股
YMM.US,满帮
RGLD.US,皇家黄金
BEP.US,布鲁克菲尔德可再生
SKX.US,斯凯奇
CLF.US,克利夫兰克里夫
ICL.US,ICL Group
MUSA.US,墨菲美国
TPX.US,丹普西利国际
RL.US,拉夫劳伦
CGNX.US,康耐视科技
CIVI.US,Civitas Resources
STN.US,斯坦泰克
RRC.US,Range资源
DCI.US,唐纳森
BERY.US,Berry Global Group
VOYA.US,Voya Financial
WHR.US,惠而浦
XRAY.US,登士柏国际
SOFI.US,SoFi Technologies
AR.US,Antero资源
SWAV.US,ShockWave Medical
X.US,美国钢铁
GTLS.US,查特工业
GWRE.US,Guidewire软件
CHX.US,ChampionX
PRI.US,Primerica
ARW.US,艾睿电子
EHC.US,Encompass Health
CAR.US,安飞士
CACI.US,CACI国际
OGE.US,OGE能源
CYBR.US,CyberArk Software
SITE.US,Siteone Landscape
CIEN.US,Ciena科技
TKO.US,TKO Group Holdings
MIDD.US,米德尔机械
WBS.US,韦伯斯特金融
GTLB.US,GitLab
NE.US,Noble Corporation
TREX.US,Trex木业
GPK.US,图形包装
HESM.US,Hess Midstream
W.US,Wayfair
GXO.US,GXO Logistics
THC.US,泰尼特保健
RBC.US,RBC轴承
TNET.US,Trinet Group
EXEL.US,伊克力西斯
MUR.US,墨菲石油
JLL.US,仲量联行
MTDR.US,Matador能源
NYT.US,纽约时报
VFC.US,威富
CSAN.US,Cosan
WF.US,韩国友利金融
BWXT.US,BWX Technologies
SWN.US,西南能源
FSV.US,Firstservice
LNW.US,Light & Wonder
NCLH.US,挪威邮轮
GNRC.US,Generac控股
G.US,简伯特
AN.US,全美汽车租赁
INGR.US,宜瑞安
NNN.US,NNN REIT
PBF.US,PBF能源
SF.US,Stifel金融
BZ.US,BOSS直聘
RETA.US,Reata制药
TPR.US,Tapestry
WFRD.US,威德福国际
RCM.US,R1 RCM
LSTR.US,莱帝运输
IVZ.US,景顺
FR.US,第一工业地产
CHRD.US,Chord Energy
ACHC.US,阿卡迪亚医疗保健
GRFS.US,基立福
MSA.US,MSA Safety
BRX.US,Brixmor Property
CNM.US,Core & Main
RLI.US,RLI保险
TXRH.US,德州公路酒吧
APPF.US,Appfolio
ZI.US,ZoomInfo
SIGI.US,选择性保险
DUOL.US,多邻国
KT.US,韩国电信
RIG.US,越洋钻探
SSD.US,辛普森配件制造
UFPI.US,UFP Industries
KRTX.US,Karuna Therapeutics
STAG.US,Stag工业
OSK.US,Oshkosh
SPSC.US,SPS商贸
STWD.US,喜达屋不动产信托
HQY.US,Healthequity
FHN.US,第一地平线
NFE.US,New Fortress Energy
IGT.US,国际游戏科技
LFUS.US,美国力特保险丝
HRB.US,HR布洛克服务
COKE.US,可口可乐合并
ALGM.US,Allegro
IONS.US,伊奥尼斯制药
KGC.US,金罗斯黄金
DSGX.US,笛卡尔物流系统集团
CHH.US,精选国际酒店
GLBE.US,Global-E Online
FIX.US,Comfort Systems USA
SN.US,SharkNinja
CPRI.US,Capri Holdings
BYD.US,博伊德赌场
FCN.US,FTI咨询
ONTO.US,Onto Innovation
WH.US,温德姆酒店及度假村
IRDM.US,铱星通讯
MTZ.US,马斯科技大型工程
AFRM.US,Affirm Holdings
CACC.US,Credit Acceptance
APG.US,APi Group
FAF.US,第一美国
AIT.US,应用工业技术
NEWR.US,New Relic
OPCH.US,Option Care
BLCO.US,博士伦
AXTA.US,Axalta涂层系统
AGNC.US,美国资本代理
WFG.US,西弗雷泽木业
HR.US,医疗保健房地产信托
PII.US,北极星
INFA.US,Informatica
NXT.US,Nextracker
CBSH.US,科默斯银行
OLN.US,欧林
RMBS.US,蓝博士半导体
CMC.US,美国工商五金
CFR.US,库伦佛寺银行
EXP.US,老鹰材料
WTS.US,沃茨水工业
PSN.US,Parsons
ELF.US,e.l.f.美容
AMKR.US,艾马克技术
AM.US,Antero Midstream
DOOO.US,BRP
FRSH.US,Freshworks
ENLC.US,Enlink Midstream
MKSI.US,MKS仪器
FN.US,Fabrinet
QLYS.US,科力斯
ST.US,Sensata
BILI.US,哔哩哔哩
DLO.US,DLocal
SAIC.US,科学应用
FSK.US,FS KKR Capital
PAAS.US,泛美白银
ELAN.US,Elanco Animal Health
MHK.US,莫霍克工业
MTSI.US,MACOM Technology
HXL.US,赫氏
WK.US,Workiva
VAL.US,Valaris
BC.US,布朗斯威克
ADC.US,艾格里不动产
REYN.US,Reynolds Consumer
NTRA.US,Natera
ADT.US,ADT
ASND.US,Ascendis制药
ATKR.US,Atkore
CMA.US,联信银行
INSP.US,Inspire Medical系统
ATI.US,ATI
PPC.US,皮尔格林普拉德
POST.US,Post Holdings
BRBR.US,BellRing Brands
OBDC.US,Blue Owl Capital
CROX.US,卡骆驰
SMAR.US,Smartsheet
MSM.US,MSC Industrial
ALSN.US,艾里逊变速箱
NSIT.US,洞察企业
SON.US,索诺科产品
FLR.US,福陆
TENB.US,Tenable Holdings
ENSG.US,恩赛因
GME.US,游戏驿站
BOKF.US,BOK银行
HALO.US,奥洛兹美医疗
ABCM.US,Abcam
ESNT.US,Essent Group
EVR.US,Evercore
ITCI.US,Intra-cellular
FRHC.US,Freedom Holding
DTM.US,DT Midstream
DDS.US,狄乐百货
APLS.US,Apellis制药
AYI.US,敏锐品牌
TKR.US,铁姆肯
SSB.US,South State
ACLS.US,亚舍立科技
WIX.US,Wix.com
FLS.US,福斯
GMED.US,Globus医疗
LEVI.US,李维斯
WING.US,Wingstop
YPF.US,阿根廷YPF
AA.US,美国铝业
UGI.US,UGI公用事业
ALTR.US,Altair Engineering
ZION.US,齐昂银行
PB.US,普罗斯佩里蒂银行
MASI.US,麦斯莫医疗
PNFP.US,顶尖金融
NOVT.US,Novanta
VMI.US,维蒙特工业
KNTK.US,Kinetik Holdings
KEX.US,卡比海运
WAL.US,阿莱恩斯西部银行
THO.US,索尔工业
AXS.US,埃克斯资本
BFAM.US,Bright Horizons
PCVX.US,Vaxcyte
BEPC.US,Brookfield Renewable
SNDR.US,Schneider National
IDA.US,IDACORP
NXST.US,耐思星传媒集团
SRC.US,Spirit Realty
WU.US,西联汇款
CLVT.US,Clarivate
DEN.US,丹博里
CR.US,Crane
RHP.US,莱曼酒店地产
TRNO.US,特雷诺房地产
RH.US,RH
TXG.US,10x Genomics
FLO.US,花苑食品
ALKS.US,阿尔凯默斯
CIGI.US,高力国际集团
BXSL.US,Blackstone Secured
HLNE.US,Hamilton Lane
BECN.US,比肯鲁夫
CWEN.US,Clearway Energy C
NFG.US,National Fuel Gas
FIVN.US,Five9
GIL.US,吉登运动服
QDEL.US,QuidelOrtho
SLGN.US,Silgan控股
ZWS.US,Zurn Elkay Water
OMF.US,OneMain Holdings
WOLF.US,Wolfspeed
MTG.US,MGIC投资
PSNY.US,极星汽车 A
ALK.US,阿拉斯加航空
CWAN.US,Clearwater Analytics
AGI.US,Alamos Gold
IPGP.US,IPG光电
SUN.US,太阳石油
AQN.US,Algonquin Power
R.US,莱德系统
TMHC.US,泰勒·莫里森家
KRG.US,凯特地产信托
COHR.US,Coherent
VNT.US,Vontier
OLLI.US,奥利廉价出口控股
S.US,SentinelOne
RITM.US,Rithm Capital
OGN.US,Organon
MGY.US,Magnolia Oil & Gas
AIRC.US,Apartment Income
OMAB.US,北方中心机场
AAON.US,艾伦建材
MMS.US,马克西姆斯服务
EXLS.US,伊克赛尔服务控股
AMG.US,AMG资管
WTFC.US,信达金融
SAM.US,波斯顿啤酒
DV.US,DoubleVerify
HOG.US,哈雷戴维森
TAL.US,好未来
SBSW.US,Sibanye
LANC.US,兰卡斯特食品
ESI.US,Element Solutions
ABG.US,阿斯伯里汽车集团
HAE.US,美国血液技术
NEP.US,Nextera Energy
TRTN.US,特里同国际
NVST.US,Envista Holdings
IQ.US,爱奇艺
PVH.US,休森
MSTR.US,微策投资
SEE.US,希悦尔
AZEK.US,AZEK
MTH.US,Meritage Homes
CWST.US,卡塞拉废物系统
PLUG.US,普拉格能源
RELY.US,Remitly Global
BMI.US,Badger Meter
VNOM.US,Viper Energy
FOUR.US,Shift4 Payments
BPOP.US,大众银行
CC.US,The Chemours
HCP.US,HashiCorp
SWX.US,Southwest Gas控股
VVV.US,胜牌
DNB.US,邓白氏
BRZE.US,Braze
SYNH.US,Syneos Health
TDC.US,天睿
TWNK.US,Hostess Brands
BBIO.US,BridgeBio Pharma
ACT.US,Enact Holdings
SM.US,圣玛丽石油勘测
POWI.US,帕沃英蒂格盛
SEB.US,Seaboard
NEU.US,纽马克特
JHG.US,骏利亨德森集团
ORA.US,奥玛特科技
FCFS.US,第一富金融服务
HGV.US,Hilton Grand
NTCO.US,Natura &Co
AL.US,航空租赁
ATS.US,ATS
POR.US,波特兰通用电气
FIZZ.US,全国饮料
PRGO.US,培瑞克
AVT.US,安富利
RRR.US,Red Rock Resorts
EXPO.US,毅博科技咨询
SHC.US,Sotera
IPAR.US,依特香水
PWSC.US,PowerSchool
IAC.US,IAC
MSGS.US,麦迪逊广场花园体育
JOBY.US,Joby Aviation
HUN.US,亨斯曼材料
COLM.US,哥伦比亚户外
DRS.US,Leonardo DRS
WEN.US,温迪
MLCO.US,新濠博亚娱乐
VNO.US,沃纳多房地产基金
PHI.US,菲律宾长途电话
TKC.US,土耳其移动通信
ASH.US,亚什兰
ENIC.US,Enel Chile
VLY.US,硅谷国家银行
HP.US,赫尔默里奇和佩恩材料
ONB.US,欧德国家银行
HOMB.US,首页银行投资
RYN.US,雷欧尼尔
LNTH.US,Lantheus控股
BIPC.US,Brookfield基础设施
SFM.US,豆芽农贸市场
AEL.US,美国股票投资寿险
HTZ.US,赫兹
LNC.US,林肯国民
FELE.US,富兰克林电子
ESAB.US,ESAB
DXC.US,DXC Technology
OGS.US,One Gas
BROS.US,Dutch Bros
NJR.US,新泽西能源
MLI.US,木勒工业
SRCL.US,消毒循环
OZK.US,欧扎克银行
NEOG.US,纽尔真检测
MDU.US,MDU资源
YETI.US,YETI控股
ALIT.US,Alight
BCPC.US,拜切
FOXF.US,福克斯工厂控股
UGP.US,Ultrapar控股
COLB.US,哥伦比亚银行系统
SNV.US,西诺乌斯金融
MMYT.US,MakeMyTrip
EEFT.US,嘉银通
BTG.US,B2gold
THG.US,汉诺威保险
LPX.US,路易斯安那太平洋
FRO.US,前线海运
PLNT.US,星球健身
WTM.US,白山保险集团
BDC.US,百通
RDN.US,瑞迪安集团
BCC.US,Boise Cascade
PECO.US,Phillips Edison
CRUS.US,凌云半导体
MMSI.US,美好医疗系统
FLNC.US,Fluence Energy
ASGN.US,盎塞
VC.US,伟世通
SQSP.US,Squarespace
ESGR.US,恩斯塔
PYCR.US,Paycor HCM
BLKB.US,布莱克波特科技
ENS.US,艾诺斯
CXM.US,Sprinklr
WHD.US,Cactus
DOCS.US,Doximity
GATX.US,Gatx
AUR.US,Aurora Innovation
BXMT.US,黑石抵押信托
ACAD.US,阿卡迪亚
PNM.US,PNM电力瓦斯
LYFT.US,Lyft
FYBR.US,前线通信
TEX.US,特雷克斯
KRC.US,吉劳埃地产
CRC.US,加州资源
NCR.US,NCR
CADE.US,Cadence
SGML.US,Sigma Lithium
CNXC.US,Concentrix
SGRY.US,Surgery Partners
FNB.US,F.N.B.
STR.US,STR Sub
CPA.US,科帕控股
INSM.US,Insmed
ASAN.US,阿莎娜
AEIS.US,先进能源工业
EPRT.US,Essential Properties
CBT.US,卡博特
KBH.US,KB Home
HHH.US,Howard Hughes
ATHM.US,汽车之家
NWL.US,纽威品牌
DNA.US,Ginkgo Bioworks
FLYW.US,Flywire
IMGN.US,ImmunoGen
GPS.US,盖普
EVO.US,Evotec
GKOS.US,Glaukos
SKY.US,Skyline Champion
SPXC.US,斯必克
BSM.US,Black Stone Minerals
SLAB.US,芯科实验室
INST.US,Instructure Holdings
NARI.US,Inari Medical
PLTK.US,Playtika Holding
MAN.US,万宝盛华人力资源
NSP.US,Insperity
GPI.US,汽车一组
NOG.US,Northern石油天然气
FG.US,F&G Annuities & Life
CRSP.US,CRISPR Therapeutics
UBSI.US,联合银行
GOLF.US,高仕利控股
FFIN.US,第一金融银行股份
RUSHB.US,拉什企业B
BKH.US,黑山
FSS.US,联邦信号
VAC.US,万豪度假环球
LPL.US,LG Display
PCH.US,PotlatchDeltic
FUL.US,富乐
ACA.US,Arcosa
SUM.US,峰会材料
NCNO.US,nCino
ARRY.US,Array Technologies
KD.US,Kyndryl Holdings
COOP.US,Mr. Cooper Group
SDRL.US,Seadrill
AB.US,联博控股
ERF.US,艾诺加能源基金
AGO.US,保证担保
PEGA.US,佩格系统
DNP.US,DNP Select Income
CABO.US,Cable One
APLE.US,Apple Hospitality
MP.US,MP Materials
FOLD.US,爱美医疗
CAVA.US,CAVA Group
IBP.US,Installed Building
GT.US,固特异轮胎橡胶
LOPE.US,大峡谷教育
ASO.US,Academy
SMPL.US,易美味
BTE.US,Baytex能源信托
EURN.US,Euronav
TDW.US,潮水海运
USM.US,美国无线电话
AXSM.US,Axsome Therapeutics
BOX.US,Box
DIOD.US,Diodes
CNX.US,康索尔能源
WOR.US,沃辛顿工业
ZGN.US,Ermenegildo Zegna
AAP.US,领先汽车配件
SHLS.US,Shoals Technologies
ADNT.US,Adient
VSH.US,威世科技
CVI.US,CVR能源
HRI.US,Herc Holdings
STEP.US,Stepstone Group
FTAI.US,FTAI Aviation
CRS.US,卡朋特科技
BCO.US,布林克斯
TFSL.US,Tfs Financial
PENN.US,佩恩国民博彩
NNI.US,尼尔网教育信贷
VRNS.US,Varonis Systems
DISH.US,Dish Network
VERX.US,Vertex
PFSI.US,PennyMac金融服务
MAIN.US,主街资本
STNE.US,StoneCo
BL.US,BlackLine
JBT.US,约翰宾技术
SEM.US,精选医疗集团
IRT.US,独立房地产信托
SIG.US,西格内特珠宝
LEG.US,礼恩派
KOS.US,Kosmos能源
RVMD.US,Revolution Medicines
JOE.US,圣乔
CRVL.US,CorVel
RUSHA.US,拉什企业A
PAGP.US,Plains GP
MLTX.US,MoonLake
NPWR.US,NET Power
SYNA.US,Synaptics
CORT.US,Corcept医疗
AVNT.US,Avient
DAVA.US,Endava
KRYS.US,Krystal Biotech
SBRA.US,Sabra保健
AMR.US,Alpha Metallurgical
GTES.US,Gates Industrial
OTTR.US,奥特泰尔
WNS.US,WNS控股
CXT.US,Crane NXT
CCOI.US,Cogent通讯
SID.US,巴西国家黑色冶金
MPW.US,医疗不动产基金
JJSF.US,JJSF食品
CERE.US,Cerevel Therapeutics
ALE.US,阿里特
VRRM.US,Verra Mobility
LTHM.US,Livent
AWI.US,阿姆斯特朗
MQ.US,Marqeta
MC.US,Moelis A
JXN.US,Jackson Financial
GEF.B.US,格瑞夫B
PGNY.US,Progyny
EPR.US,娱乐房地产依托
BUR.US,伯福德资本
NVMI.US,Nova
CUZ.US,卡津斯不动产
ASAI.US,Sendas Distributor
EXTR.US,极速网络
IART.US,英特格拉生命科学
APPN.US,Appian
HWC.US,汉考克惠特尼
AMN.US,AMN医疗服务
QS.US,QuantumScape
GBCI.US,冰川万通金控
CNMD.US,康美
BHF.US,Brighthouse
TDOC.US,Teladoc Health
GEF.US,格瑞夫A
LITE.US,Lumentum控股
ZD.US,Ziff Davis
MATX.US,美森
SLM.US,学贷美
UNF.US,第一联合
FRPT.US,Freshpet
FHI.US,联邦投资
MDC.US,M.D.C. Holdings
LBRT.US,Liberty Energy
SR.US,Spire
ALRM.US,Alarm.com控股
AMED.US,阿米斯医疗
BTU.US,皮博迪能源
GH.US,Guardant Health
UAA.US,安德玛
CD.US,秦淮数据
SVV.US,Savers Value Village
DNLI.US,Denali治疗
NWE.US,Northwestern
MANU.US,曼联
SANM.US,新美亚电子
PTEN.US,Patterson-UTI能源
BB.US,黑莓
CNS.US,科恩-斯蒂尔斯金融
SEAS.US,海洋世界
CEIX.US,CONSOL Energy
NXE.US,Nexgen能源
CALX.US,Calix
CEQP.US,Crestwood Equity
TGNA.US,TEGNA
BPMC.US,蓝图医药
EVH.US,Evolent Health
NEA.US,纽文Amt-free优质市政
BHC.US,Bausch Health
CVLT.US,康沃系统
AWR.US,美洲国家水务
LCII.US,LCI Industries
M.US,梅西百货
CYTK.US,细胞动力科技
APAM.US,Artisan合伙资产管理
LTH.US,Life Time Group
UMBF.US,UMB金融
HI.US,希伦布兰德
URBN.US,都市户外
AEO.US,美国鹰
ESMT.US,EngageSmart
VTMX.US,Vesta Real Estate
AVAV.US,航空环境
SSRM.US,SSR Mining
LIVN.US,LivaNova
NSA.US,National Storage
DOC.US,Physicians Realty
UCBI.US,美国社区银行
WIRE.US,Encore电气线路
ARWR.US,箭头制药
HAYW.US,Hayward Holdings
AZTA.US,Azenta
AI.US,C3.ai
KWR.US,奎克化学
WB.US,微博
CRK.US,康斯托克能源
BRP.US,BRP Group
GSHD.US,Goosehead Insurance
PBH.US,普雷斯蒂奇
NTLA.US,Intellia
RPD.US,Rapid7
SMG.US,斯科兹物种
LAC.US,Lithium Americas
YELP.US,Yelp
ARCH.US,Arch Resources
MEOH.US,梅思恩
TCBI.US,德州资本银行
GO.US,Grocery Outlet
SCPL.US,SciPlay
BE.US,Bloom Energy
YOU.US,Clear Secure
MDGL.US,新泰医药
PDCO.US,帕特森
SPB.US,科博控股
ENOV.US,Enovis
KMPR.US,Kemper
HEP.US,霍利能源
ICUI.US,ICU医疗
UA.US,安德玛C
STNG.US,Scorpio Tankers
RUN.US,Sunrun
MRTX.US,Mirati Therapeutics
VIRT.US,Virtu Financial
HELE.US,海伦特洛伊家电
TSEM.US,Tower半导体
CWT.US,加州水务
BNL.US,Broadstone Net
CSWI.US,Csw
ABR.US,阿伯房地产信托
QRTEB.US,Qurate Retail B
AXNX.US,Axonics
BANF.US,BancFirst银行
SPT.US,Sprout Social
HGTY.US,Hagerty
HCM.US,和黄医药
LXP.US,莱星顿置业信托
RNG.US,RingCentral
PAGS.US,Pagseguro Digital
GNW.US,通用金融
ARLP.US,阿莱恩斯资源
KLIC.US,库力索法半导体
WDFC.US,WD-40
LAZ.US,Lazard
PRTA.US,Prothena
ITRI.US,伊管
GHC.US,格雷厄姆控股
TIGO.US,米雷康姆国际移动通信
KNF.US,Knife River
IFS.US,Intercorp金融服务
COUR.US,Coursera
TPH.US,Tri Pointe Homes
TNL.US,Travel + Leisure
ESE.US,ESCO科技
FROG.US,Jfrog
BRC.US,布雷迪
CNO.US,康塞科
NOMD.US,Nomad Foods
SFBS.US,Servisfirst银行
CLS.US,天弘科技
DY.US,戴康工业
IONQ.US,IonQ
CDP.US,COPT Defense
INMD.US,InMode
ESTE.US,Earthstone能源
AIN.US,奥尔巴尼国际
DBRG.US,DigitalBridge Group
OI.US,欧文斯伊利诺斯玻璃
IMVT.US,Immunovant
MGEE.US,MGE能源
MODG.US,Topgolf Callaway
HMY.US,哈莫尼黄金
SITC.US,SITE Centers
TFPM.US,Triple Flag
ITGR.US,Integer Holdings
LFST.US,LifeStance Health
IRTC.US,iRhythm Technologies
IBOC.US,国际银行
LU.US,陆控
ENV.US,Envestnet
ERJ.US,巴西航空工业
VIST.US,Vista Energy
RARE.US,Ultragenyx药业
AYX.US,Alteryx
CBZ.US,CBIZ
PINC.US,Premier
BGC.US,BGC Group
AVA.US,阿维斯塔
KAI.US,凯登纸业
ABM.US,ABM工业
ASB.US,Associated Banc
FORM.US,FormFactor
PK.US,Park酒店及度假村
ABCB.US,ABC银行
VICR.US,Vicor电子
CSTM.US,Constellium
PIPR.US,派杰投资
SXT.US,森馨
THS.US,树屋食品
EXPI.US,eXp World控股
AKRO.US,Akero Therapeutics
CAMT.US,康特科技
ANF.US,阿贝克隆比 & 费奇
CRI.US,卡特
IMCR.US,Immunocore
GBTG.US,Global Business
HASI.US,Hannon Armstrong
HUBG.US,枢纽
PRVA.US,Privia Health
FIBK.US,First Bancsystem国际
GMS.US,GMS
XPRO.US,Expro Group
ACIW.US,ACI环球
IOSP.US,英诺斯派材料
XRX.US,施乐
CATY.US,国泰万通金控
NPO.US,恩佩罗工业
WD.US,Walker & Dunlop
QFIN.US,奇富科技-S
CENT.US,Central Garden & Pet
ROG.US,罗杰斯
BATRA.US,Atlanta Braves A
PSEC.US,普罗斯佩克特资本
MGRC.US,麦格拉思租赁
NUVL.US,Nuvalent
WERN.US,沃纳企业
YY.US,欢聚
HTGC.US,海格投资
PLXS.US,普雷克萨斯
VSAT.US,卫讯公司
KFY.US,光辉国际
FTRE.US,Fortrea Holdings
HL.US,赫克拉矿业
FTDR.US,Frontdoor
GLNG.US,Golar海运
SHAK.US,Shake Shack
OII.US,国际海洋工程
PRGS.US,Progress Software
ATAT.US,亚朵
MAC.US,马塞里奇房产
NABL.US,N-able
LGIH.US,LGI Homes
GBDC.US,Golub Capital BDC
BOOT.US,Boot Barn
EVTC.US,Evertec
MHO.US,MI 家居
ZLAB.US,再鼎医药
AY.US,Atlantica
TAC.US,全美阿尔塔电力
MRVI.US,Maravai
ARCB.US,ArcBest
KTB.US,Kontoor Brands
CCU.US,智利CCU
FSLY.US,Fastly
GETY.US,Getty Images
HCC.US,Warrior Met Coal
SLG.US,格林不动产
SITM.US,SiTime
SKT.US,坦格尔直销中心
CUK.US,嘉年华
CALM.US,卡尔梅尔食品
REZI.US,Resideo Technologies
FBP.US,第一万能金控
PZZA.US,棒约翰
ACVA.US,ACV Auctions
ENR.US,劲量控股
AESI.US,Atlas Energy
DQ.US,大全新能源
NMIH.US,NMI Holdings
DORM.US,Dorman
SHOO.US,史蒂夫·马登
GLPG.US,Galapagos
OR.US,Osisko Gold
FHB.US,First Hawaiian
TRMD.US,Torm
PSMT.US,普尔斯玛特
NVG.US,纽文Amt-free市政信贷
MOD.US,摩丁制造
SOVO.US,Sovos Brands
VET.US,朱砂能源公司
AX.US,Axos Financial
CAAP.US,Corporacion America
EXG.US,EV税收管理型全球基金
BATRK.US,Atlanta Braves C
CVCO.US,卡寇工业
IIPR.US,Innovative
JWN.US,诺德斯特龙
VRTV.US,Veritiv
ICFI.US,ICF国际
KSS.US,科尔士百货
GSAT.US,全球星
CENTA.US,中央花园和宠物A
CVBF.US,CVB金融
MYRG.US,MYR集团
RLX.US,雾芯科技
XENE.US,Xenon制药
TEO.US,阿根廷电信
OMCL.US,全细胞医护科技
EVEX.US,Eve Holding
CERT.US,Certara
PRMW.US,Primo Water
MRCY.US,Mercury Systems
PACB.US,太平洋生物科学
CRDO.US,Credo Technology
NHI.US,National Health
UPST.US,Upstart
JAMF.US,Jamf Holding
AMPH.US,Amphastar
GDRX.US,Goodrx
HIW.US,海伍兹物业
VCTR.US,Victory Capital
TRIP.US,猫途鹰
MGPI.US,MGP材料
LAUR.US,Laureate Education
STRL.US,Sterling
EBC.US,Eastern Bankshares
AMRC.US,阿梅雷斯克
USAC.US,USA Compression
PAM.US,Pampa能源
NS.US,纽星能源
DRVN.US,Driven Brands
WSFS.US,WSFS金融
PAX.US,Patria Investments
TCN.US,Tricon Residential
HRMY.US,Harmony
CBU.US,社区银行系统
GFF.US,格里丰
PAYO.US,Payoneer Global
BVN.US,布埃纳文图拉开采
TR.US,宝贝卷糖业
RKLB.US,Rocket Lab USA
DAN.US,达纳
HPK.US,HighPeak Energy
GGAL.US,加利西亚金融
INTA.US,Intapp
DOCN.US,DigitalOcean
DNUT.US,Krispy Kreme
CNK.US,喜满客影城
CCS.US,Century Communities
LSPD.US,Lightspeed
RXO.US,RXO
IDCC.US,交叉指型科技
LZ.US,Legalzoom.com
INDB.US,美国独立银行
BLMN.US,Bloomin'Brands
FCPT.US,四角财产信托
KW.US,Kennedy-Wilson控股
PD.US,PagerDuty
AUB.US,Atlantic Union
MTRN.US,Materion
DEI.US,道格拉斯艾美特
AIR.US,AAR
TIXT.US,TELUS International
AMBA.US,安霸
BRFS.US,BRF
SDGR.US,Schrodinger
GPOR.US,格尔夫波特能源
NVEI.US,Nuvei
INSW.US,International航道
PRFT.US,Perficient
DFH.US,Dream Finders Homes
SFNC.US,西蒙斯第一国民银行
TRN.US,Trinity Industries
CRGY.US,Crescent Energy
PARR.US,Par Pacific
ALG.US,阿拉莫
XPEL.US,XPEL
ROCK.US,直布罗陀工业
DOOR.US,美森特
WLY.US,约翰威立 A
PPBI.US,太平洋第一合众银行
VIAV.US,Viavi Solutions
ADX.US,Adams Diversified
TROX.US,Tronox控股
FUN.US,雪松娱乐
NAVI.US,Navient
GDS.US,万国数据
VTYX.US,Ventyx Biosciences
ARCO.US,Arcos Dorados
EQC.US,Equity Commonwealth
FA.US,First Advantage
TDS.US,电话和数据系统
NTCT.US,网侦系统
SIX.US,六旗娱乐
CTRE.US,房地产投资信托基金
BMBL.US,Bumble
FULT.US,富尔顿金融
SNEX.US,StoneX
CARG.US,CarGurus
TALO.US,Talos Energy
RNW.US,ReNew Energy Global
CRCT.US,Cricut
SJW.US,SJW
GTX.US,Garrett Motion
UEC.US,Uranium Energy
RAMP.US,LiveRamp
KMT.US,肯纳金属
MWA.US,Mueller Water Products
EGO.US,埃尔拉多黄金
ATRC.US,AtriCure
HURN.US,休伦咨询
LRN.US,Stride
EPC.US,Edgewell个人护理用品
PAY.US,Paymentus Holdings
FSR.US,Fisker
BOH.US,夏威夷银行
AROC.US,Archrock
STAA.US,斯达外科手术
AMK.US,AssetMark金融控股
OSIS.US,OSI系统
SBLK.US,星散海运
CPK.US,切萨皮克气业
CRNX.US,Crinetics制药
EE.US,Excelerate Energy
CMPR.US,Cimpress
RES.US,RPC
PTY.US,PIMCO企业与收入机会
ENVX.US,Enovix
DK.US,Delek Us控股
GRBK.US,Green Brick
BEAM.US,Beam Therapeutics
RUM.US,Rumble
PJT.US,Pjt Partners
ROAD.US,Construction
DKL.US,Delek Logistics
RDNT.US,雷网
EVCM.US,EverCommerce
AMBP.US,Ardagh Metal
BBUC.US,Brookfield Business
QTWO.US,Q2 Holdings
SBCF.US,佛罗里达海岸线银行
GPRE.US,绿色平原
SHO.US,太阳石酒店投资
UE.US,Urban Edge
STRA.US,战略教育
NVCR.US,Novocure
TBBK.US,The Bancorp
AVDX.US,AvidXchange
IAS.US,Integral Ad Science
KTOS.US,克瑞拓斯安全防卫
FFBC.US,First Financial
RC.US,Ready Capital
VSTO.US,Vista Outdoor
ETY.US,EV税收管理型基金
LGF.B.US,狮门娱乐B
THRM.US,Gentherm
HTH.US,希尔托普控股
OLK.US,Olink Holding AB
TV.US,墨西哥电视
CHPT.US,ChargePoint
TMDX.US,TransMedics Group
PTCT.US,Ptc Therapeutics
RCKT.US,Rocket制药
WGO.US,温尼巴格实业
ATGE.US,Adtalem Global
SLVM.US,Sylvamo
MTX.US,Minerals
TSLX.US,Sixth Street专业贷款
SAVE.US,Spirit航空
HLIO.US,Helios Technologies
SKYW.US,西空航空
MIR.US,Mirion Technologies
MORF.US,Morphic Holding
DVAX.US,德纳维制药
ATMU.US,Atmus Filtration
PRIM.US,Primoris服务
MXL.US,MaxLinear
CLM.US,Cornerstone
MCW.US,Mister Car Wash
SGHC.US,Super Group
SAH.US,索尼克汽车
LAZR.US,Luminar Technologies
ANDE.US,安德森斯
B.US,巴恩斯
ODP.US,欧迪办公
SIMO.US,慧荣科技
BNRE.US,Brookfield再保险
BFH.US,Bread Financial
CWK.US,Cushman & Wakefield
TOWN.US,唐恩银行
RIOT.US,Riot Platforms
AGM.US,联邦农业抵押贷款C
WMK.US,韦斯市场
SXI.US,Standex国际
IHS.US,IHS Holding
PLUS.US,正羽科技
NGVT.US,Ingevity
OPEN.US,Opendoor
HLX.US,螺旋能源
ACDC.US,ProFrac Holding
FWRD.US,福沃运输
TLRY.US,Tilray Brands
AGYS.US,诶吉利斯
BORR.US,Borr Drilling
PATK.US,帕特里克工业
ZETA.US,Zeta Global Holdings
LILA.US,Liberty Latin A
LILAK.US,Liberty Latin C
OUT.US,OUTFRONT Media
CVAC.US,Curevac
SMTC.US,先科电子
RXRX.US,Recursion
NMRA.US,Neumora
CWH.US,露营世界控股
BKU.US,BankUnited
FL.US,富乐客
CSIQ.US,阿特斯太阳能
SPNT.US,SiriusPoint
IBTX.US,独立银行集团
SCL.US,史提宾
ALKT.US,Alkami Technology
VGR.US,Vector烟草集团
INTR.US,Inter & Co
IVT.US,Inventrust
ERO.US,Ero Copper
SONO.US,搜诺思
KAR.US,OPENLANE
TGS.US,南部燃气股份有限公司
ACLX.US,Arcellx
GSBD.US,Goldman Sachs Bdc
ETWO.US,E2open Parent
GVA.US,花岗岩建筑
CSGS.US,CSG系统国际
WAFD.US,华盛顿联邦储蓄
FRME.US,第一招商股份
VCYT.US,Veracyte
CLBK.US,哥伦比亚金融
JBI.US,Janus International
COHU.US,科休半导体
DRH.US,Diamondrock
CBAY.US,Cymabay Therapeutics
MSGE.US,Madison Square
BKE.US,巴克尔
UPBD.US,Upbound Group
HLMN.US,Hillman Solutions
NWLI.US,国家西方人寿保险
DHT.US,DHT控股
HBM.US,Hudbay矿产
VCEL.US,Vericel
FIHL.US,Fidelis Insurance
ROIC.US,零售成长投资
MRTN.US,马尔登运输
FLNG.US,FLEX LNG
PEB.US,Pebblebrook酒店信托
SWI.US,SolarWinds
PRCT.US,PROCEPT BioRobotics
EVT.US,EV TADI Fund
IE.US,Ivanhoe Electric
SPR.US,Spirit Aerosystems
TGLS.US,Tecnoglass
PTON.US,Peloton Interactive
IDYA.US,IDEAYA生物科学
NXGN.US,NextGen Healthcare
BOWL.US,Bowlero
PGTI.US,PGT Innovations
VRNT.US,Verint系统
HNI.US,HNI
SPNS.US,智人国际
LVWR.US,LiveWire Group
CRTO.US,Criteo
MCY.US,默邱利通用
TGH.US,Textainer控股集团
VVX.US,V2X
GOGO.US,Gogo
CCG.US,车车
MBC.US,MasterBrand
VRE.US,Veris Residential
NEO.US,Neogenomics
BCAT.US,BlackRock Capital
DFIN.US,Donnelley Financial
OCSL.US,Oaktree Specialty
PLAY.US,戴夫和巴斯特娱乐
UPWK.US,Upwork
CMTG.US,Claros Mortgage
ATUS.US,Altice USA
PCRX.US,Pacira生物科学
SUPN.US,Supernus制药
ATEC.US,阿尔法泰克控股
HEES.US,HE设备服务
GOGL.US,金海洋集团
PRK.US,Park National
BMEZ.US,BlackRock Health
BIGZ.US,BlackRock Innovate
SFL.US,SFL
CTOS.US,Custom Truck One
LUMN.US,Lumen Technologies
RLJ.US,RLJ住房信托
CLMT.US,卡路美
ECAT.US,BlackRock ESG
MARA.US,Marathon Digital
PRO.US,PROS控股
ODD.US,ODDITY Tech
DBD.US,迪堡金融设备
NVEE.US,NV5 Global
JBLU.US,捷蓝航空
ZNTL.US,Zentalis
CRSR.US,Corsair Gaming
SATS.US,回声星通信
TH.US,Target Hospitality
TFIN.US,Triumph Financial
MLKN.US,MillerKnoll
VECO.US,维易科精密仪器
DO.US,戴蒙德海底钻探
GOOS.US,加拿大鹅
CAKE.US,起司工坊
SWTX.US,SpringWorks
CBRL.US,CB乡村店
COCO.US,The Vita Coco
EPAC.US,实用动力
RCUS.US,Arcus Biosciences
SAND.US,沙尘暴黄金
SABR.US,Sabre
CLBT.US,Cellebrite DI
OXM.US,牛津工业
ATSG.US,航空运输服务
ARI.US,阿波罗房地产金融
PI.US,Impinj
AG.US,First Majestic银矿
HBI.US,哈尼斯品牌服装
ENVA.US,易诺华国际
VRTS.US,维德思投资
PTVE.US,Pactiv
BANR.US,邦纳
NG.US,NOVAGOLD资源
GTY.US,格蒂房地产
IRWD.US,Ironwood医药
ABCL.US,AbCellera Biologics
WRBY.US,Warby Parker
AFYA.US,Afya
JBGS.US,Jbg Smith
HLF.US,康宝莱
FINV.US,信也科技
COMP.US,Compass
IMKTA.US,安格莱斯市场
USPH.US,美国理疗保健
NWN.US,西北天然气
TARO.US,塔罗制药工业
KRP.US,Kimbell Royalty
GCMG.US,Gcm Grosvenor
AMEH.US,阿波罗医疗控股
AMPL.US,Amplitude
CNXN.US,PC联络商务
PRG.US,PROG Holdings
PERI.US,Perion网络
BDJ.US,贝莱德股票红利信托
RNST.US,瑞纳萨塔银行
JACK.US,Jack In The Box
MLNK.US,MeridianLink
AKR.US,阿卡迪亚不动产信托
BMA.US,Macro银行
JKS.US,晶科能源
WSBC.US,韦斯银行
BCRX.US,Biocryst医药
BTT.US,贝莱德市政2030
ADUS.US,爱德斯
EQX.US,Equinox Gold
ALGT.US,忠实航空
NAPA.US,The Duckhorn
WKC.US,World Kinect
TNC.US,坦能
EFSC.US,企业财务服务
HE.US,夏威夷电力
TGTX.US,TG治疗
MDRX.US,Veradigm
OPAL.US,OPAL Fuels
NTB.US,毕达菲尔特银行
ZIM.US,以星航运
CNNE.US,Cannae Holdings
TNK.US,Teekay油轮
AGIO.US,Agios制药
KGS.US,Kodiak Gas
SSTK.US,Shutterstock
DNN.US,丹尼森矿业
MYGN.US,万基遗传
MRUS.US,Merus
OLPX.US,Olaplex Holdings
MNTK.US,Montauk Renewables
EAT.US,布林克国际
IESC.US,IES Holdings
PDO.US,PIMCO Dynamic Income
CODI.US,罗盘多元化金融控股
LADR.US,Ladder Capital
MOMO.US,挚文集团
TNDM.US,糖尿病保健
OFG.US,东方金融集团
UDMY.US,Udemy
BTDR.US,Bitdeer
LZB.US,La-Z-Boy家具
VEON.US,VEON
KN.US,诺尔斯
VSCO.US,维多利亚的秘密
ACHR.US,Archer Aviation
RYTM.US,Rhythm制药
FOR.US,福里斯特
ETV.US,EV TMBW机会基金
TWKS.US,Thoughtworks
CIM.US,奇美拉投资
LZM.US,Lifezone Metals
NBTB.US,NBT合众银行
KEN.US,建安集团
NOVA.US,Sunnova能源国际
VRNA.US,维罗纳制药
CHCO.US,城市控股
DAC.US,达那俄斯
BXMX.US,Nuveen S&P 500
LOB.US,Live Oak Bancshares
TWO.US,双港投资
SMMT.US,Summit Therapeutics
TTMI.US,TTM科技
GPCR.US,硕迪生物
LTC.US,LTC房产
PX.US,P10
FBK.US,FB金融
UUUU.US,Energy Fuels
NMFC.US,New Mountain Finance
NEXT.US,NextDecade
SAFE.US,Safehold
TBLA.US,Taboola.com
CPRX.US,催化剂制药
WINA.US,威玛克工贸
HSAI.US,禾赛
VKTX.US,Viking Therapeutics
STEW.US,SRH Total Return
SG.US,Sweetgreen
TRMK.US,Trustmark银行
AMRX.US,Amneal制药
UCTT.US,超科林半导体
CTS.US,CTS
SHCO.US,Soho House
ESRT.US,帝国房产信托
PLMR.US,Palomar Holdings
BSTZ.US,BlackRock Science
STER.US,Sterling Check
LMAT.US,勒梅特微管医疗
HIMS.US,Hims & Hers Health
OEC.US,Orion
NWBI.US,西北银行
SPHR.US,Sphere
LNN.US,林赛
ARHS.US,Arhaus
ZIP.US,ZipRecruiter
GBX.US,格林布赖尔
SCS.US,斯迪凯思
STGW.US,Stagwell
VIR.US,Vir Biotechnology
ESTA.US,Establishment Labs
OPK.US,OPKO保健
DCBO.US,Docebo
HWKN.US,霍金斯材料
AVPT.US,AvePoint
ORLA.US,Orla Mining
TTEC.US,TTEC Holdings
AMLX.US,Amylyx
SVC.US,Service Properties
ALHC.US,Alignment Healthcare
HTLF.US,哈特兰金融
FDP.US,戴尔蒙特新鲜制造
EYE.US,National Vision
XHR.US,森雅酒店及度假村
OSCR.US,Oscar Health
ALEX.US,亚历山大&鲍德温
GEL.US,Genesis能源
ELME.US,Elme Communities
AEHR.US,Aehr测试系统
CXW.US,CoreCivic
DNOW.US,Now
GIC.US,Global Industrial
FCF.US,第一联邦金融
RILY.US,B. Riley Financial
XNCR.US,Xencor
DH.US,Definitive
EVRI.US,Everi Holdings
AGRO.US,Adecoagro
MATW.US,马修国际
PHIN.US,PHINIA
ARVN.US,Arvinas
HMN.US,霍勒斯曼恩
NVTS.US,纳微半导体
PLAB.US,福尼克斯
MSEX.US,米德尔赛克斯水务公司
CCF.US,Chase
AMC.US,AMC院线
IOVA.US,Iovance
MCRI.US,莫纳克赌场度假村
KFRC.US,K力
STC.US,斯图尔特信息服务
SEAT.US,Vivid Seats
CASH.US,Pathward Financial
ETNB.US,89bio
CLDX.US,塞德斯医疗
SMR.US,NuScale Power
ERII.US,能源回收
PDFS.US,PDF方案
UFPT.US,UFP技术
AMWD.US,伍德马克
AUPH.US,Aurinia制药
WOOF.US,Petco Health
OMI.US,欧麦斯-麦能医疗
HTLD.US,哈特兰快递
SGH.US,SMART Global
SYBT.US,Stock Yards Bancorp
ANIP.US,阿尼制药
LPG.US,Dorian LPG
ZUO.US,祖睿
MBIN.US,Merchants
BBU.US,Brookfield商业伙伴
AVID.US,艾维科技
HOLI.US,和利时自动化
KALU.US,凯撒铝业
UVV.US,环球烟草
MIRM.US,Mirum制药
NBR.US,纳伯斯工业
SAGE.US,Sage Therapeutics
AHCO.US,AdaptHealth
LKFN.US,莱克兰金融
KNSA.US,Kiniksa制药
TWST.US,Twist Bioscience
LNZA.US,LanzaTech Global
OPRA.US,欧朋浏览器
DAWN.US,Day One
NUS.US,如新集团
KC.US,金山云
SEMR.US,SEMrush Holdings
GENI.US,Genius Sports
BHVN.US,Biohaven
ECVT.US,Ecovyst
DADA.US,达达
GES.US,Guess
USNA.US,优莎娜
AAT.US,美国资产信托
AZZ.US,AZZ
JELD.US,Jeld-wen Holding
PFS.US,公积金金融服务
MMI.US,马库斯米利查普
CGAU.US,Centerra Gold
ECX.US,亿咖通科技
RVNC.US,Revance Therapeutics
NRC.US,国家研究A类普通
RYZB.US,RayzeBio
PUMP.US,ProPetro Holding
UNIT.US,Uniti Group
CIR.US,Circor国际
PROK.US,ProKidney
FBRT.US,Franklin BSP
CMP.US,罗盘矿物
PTLO.US,Portillo's
WABC.US,西美银行
NMRK.US,Newmark Group
DSGR.US,Distribution
JBSS.US,John B. Sanfilippo
CARS.US,Cars.com
CLB.US,Core Laboratories
GERN.US,杰龙
TRUP.US,Trupanion
DEA.US,东风政府物业
FBNC.US,First Bancorp
VTLE.US,Vital Energy
IRON.US,Disc Medicine
DMLP.US,多尔切斯特
SPWR.US,SunPower
USLM.US,美国灰矿建材
UTZ.US,Utz Brands
GLP.US,伙伴全球
PGY.US,Pagaya Technologies
NAAS.US,能链智电
BRDG.US,Bridge Investment
MPLN.US,MultiPlan
PRDO.US,Perdoceo Education
ADEA.US,Adeia
SNDX.US,Syndax制药
INDI.US,indie Semiconductor
ATEN.US,A10 Networks
ENFN.US,Enfusion
UNFI.US,联合原生态食品
NBHC.US,National Bank控股
HCCI.US,传承水晶清洁
DOLE.US,都乐
STEL.US,Stellar
ARR.US,Armour住宅房产
RYI.US,Ryerson控股
CMRE.US,Costamare
GIII.US,G-III服装集团
OSW.US,Onespaworld控股
MSC.US,新濠影汇
NTST.US,Netstreit
EQRX.US,EQRx
MAG.US,MAG银矿
BLDP.US,巴拉德动力系统
MNKD.US,曼恩凯德生物医疗
ROVR.US,Rover Group
IAG.US,Iamgold
VZIO.US,VIZIO Holding
WALD.US,Waldencast
PMT.US,PennyMac Mortgage
PRME.US,Prime Medicine
NVGS.US,导航控股
ASTE.US,雅达电子工业
PAR.US,PAR技术
EVGO.US,EVgo
ECPG.US,安可资本
SKWD.US,Skyward Specialty
EIG.US,Employers控股
NKLA.US,Nikola
SCHL.US,学乐集团
WT.US,WisdomTree
FNA.US,Paragon 28
FWRG.US,First Watch
WNC.US,WABASH国立
EH.US,亿航智能
BUSE.US,布西第一银行
APGE.US,Apogee Therapeutics
EWCZ.US,European Wax Center
HLIT.US,谐波
HOPE.US,Hope Bancorp
HKD.US,尚乘数科
RSI.US,Rush Street
QQQX.US,Nuveen Nasdaq 100
RLAY.US,Relay Therapeutics
BCSF.US,贝恩资本专业金融
TNGX.US,Tango Therapeutics
APOG.US,爱宝奇
ARGO.US,阿尔戈国际
BST.US,Blackrock Science
AIV.US,公寓投资管理
TCBK.US,特里科银行
SFWL.US,盛丰物流
IMAX.US,驰能设备
MFA.US,MFA抵押投资
MD.US,Pediatrix Medical
ULCC.US,Frontier Group
IRBT.US,iRobot
GNL.US,Global Net Lease
CHGG.US,Chegg
SAFT.US,Safety Insurance
DGII.US,美国迪进国际
PGRE.US,Paramount Group
SRCE.US,第一源银行
SHEN.US,谢南多厄电讯
LGND.US,Ligand
MOR.US,MorphoSys
FSCO.US,FS Credit
PCT.US,PureCycle
AVDL.US,Avadel制药
PBT.US,帕米亚盆地皇室信托
STBA.US,S&T银行
MGNI.US,Magnite
NHC.US,National医疗
CUBI.US,客户合众银行
ANGI.US,Angi
OLO.US,Olo
PLYA.US,Playa酒店及度假村
NIC.US,Nicolet Bankshares
GDEN.US,黄金娱乐
TRS.US,瑞奇包装系统
CET.US,Central Securities
OXLC.US,Oxford Lane Capital
GRND.US,Grindr
REPL.US,Replimune Group
PRA.US,Proassurance
AMSF.US,Amerisafe
PTGX.US,Protagonist
NRP.US,天然资源开采
CMCO.US,哥伦布-麦金农
MODN.US,Model N
EB.US,Eventbrite
PHR.US,Phreesia
SCRM.US,Screaming Eagle
CDRE.US,Cadre Holdings
SLRN.US,Acelyrin
HIMX.US,奇景光电
KROS.US,Keros
MBUU.US,Malibu Boats
GSM.US,Ferroglobe
KYMR.US,Kymera Therapeutics
RXST.US,RxSight
WTTR.US,Select Water
BBAR.US,Banco BBVA
CAL.US,Caleres鞋业
GEO.US,GEO惩教集团
ARLO.US,Arlo Technologies
AVNS.US,Avanos Medical
VBTX.US,Veritex
BBN.US,贝莱德应税市政债券
DRQ.US,德久普
PLYM.US,Plymouth Industrial
ALX.US,亚历山大
IMTX.US,Immatics
SDA.US,盛大科技
FIGS.US,FIGS
SPLP.US,Steel Partners控股
ACMR.US,ACM Research
INFN.US,英飞朗
QTRX.US,Quanterix
AVTA.US,Avantax
BBDC.US,Barings BDC
VTEX.US,VTEX
SBR.US,萨拜因皇家信托
SASR.US,桑德斯普林银行
SPH.US,Suburban Propane
AGTI.US,Agiliti
FVRR.US,Fiverr国际
EAF.US,GrafTech
ACEL.US,Accel Entertainment
SA.US,海桥黄金
EXTO.US,Almacenes
LESL.US,Leslie's
EVBG.US,Everbridge
VLRS.US,Volaris航空控股
CHEF.US,厨师的仓库
HPP.US,哈德森太平洋地产
RPT.US,RPT
BTZ.US,贝莱德信贷分配收入
RVLV.US,Revolve Group
REVG.US,REV Group
UMH.US,UMH地产
INNV.US,InnovAge Holding
TMST.US,Timkensteel
CEPU.US,Central Puerto
NGMS.US,Neogames
PDS.US,精测勘探
NX.US,夸斯建材
ARCE.US,Arco Platform
RGR.US,斯特姆-鲁格
POWL.US,鲍威尔工业
HAIN.US,海恩时富
PACW.US,西太平洋合众银行
KRO.US,康诺斯全球
TASK.US,TaskUs
ADV.US,Advantage Solutions
MEG.US,Montrose
CSR.US,Centerspace
GDYN.US,Grid Dynamics
THR.US,Thermon控股集团
SBH.US,莎莉美容
PLRX.US,Pliant Therapeutics
CSWC.US,西南资本
MNRO.US,Monro
PEBO.US,人民合众银行
CLNE.US,清洁能源
MFIC.US,MidCap Financial
VALN.US,Valneva
BFS.US,索尔中心
EOS.US,EV增强型收入基金II
ICHR.US,Ichor Holdings
MDXG.US,Mimedx Group
PWP.US,Perella Weinberg
EFC.US,Ellington投资
VSEC.US,VSE技术服务
AMPS.US,Altus Power
PFBC.US,保富银行
CCRN.US,越野保健
ARKO.US,ARKO
OCFC.US,海洋第一
CTKB.US,Cytek Biosciences
EMBC.US,Embecta
SBSI.US,南方银行
BHLB.US,伯克希尔山银行
OBK.US,Origin Bancorp
BHE.US,基准电子
IMOS.US,南茂
ARDX.US,Ardelyx
BRSP.US,BrightSpire Capital
CHY.US,Calamos CHI Fund
CINT.US,CI&T
SSYS.US,Stratasys
BLTE.US,Belite Bio
COGT.US,Cogent Biosciences
BY.US,Byline Bancorp
DLX.US,豪华
ASTS.US,AST SpaceMobile
KREF.US,KKR房地产金融信托
INBX.US,Inhibrx
PHAR.US,Pharming Group
SIBN.US,SI-BONE
AWF.US,Alliance Global
UAN.US,CVR合伙人
LPRO.US,Open Lending
NXRT.US,Nexpoint住宅信托
NSSC.US,纳普科安全技术
RBCAA.US,共和银行
TDCX.US,TDCX
KOP.US,科佩斯控股
MED.US,快验保
AXL.US,美国车桥
MRC.US,MRC全球
LEU.US,Centrus Energy
SLRC.US,SLR Investment
CRNC.US,Cerence
INVA.US,亚邦丝医疗
LMND.US,Lemonade
SBOW.US,SilverBow Resources
MATV.US,Mativ Holdings
TUYA.US,涂鸦智能
BSIG.US,BrightSphere投资
ASIX.US,AdvanSix
PHVS.US,Pharvaris
FSM.US,Fortuna银矿
NBXG.US,Neuberger Berman
RWT.US,红木信托
NEXA.US,Nexa Resources
NAT.US,北欧美国油轮公司
CII.US,贝莱德增强资本和收入
TWI.US,泰坦国际
TMCI.US,Treace Medical
GRC.US,The Gorman-Rupp
BASE.US,Couchbase
AOSL.US,阿尔法和欧米伽半导体
CRF.US,Cornerstone Total
FBMS.US,第一银行股份
FLGT.US,Fulgent Genetics
SNCY.US,Sun Country Airlines
LIFW.US,MSP Recovery
BLX.US,拉丁美洲出口银行
LBAI.US,拉扎德银行
SXC.US,Suncoke能源
ACCD.US,Accolade
QCRH.US,QCR控股
AOD.US,abrdn Total Dynamic
SII.US,SPROTT
HOUS.US,Anywhere Real Estate
BCX.US,贝莱德资源与商品战略
DIN.US,Dine Brands Global
CHCT.US,社区医疗保健信托
BFC.US,Bank First
GABC.US,德美银行
XPOF.US,Xponential Fitness
BKD.US,布鲁克代尔高级护理
PLPC.US,预制管线产品
OFLX.US,欧美佳福莱克斯
SLP.US,Simulations Plus
CDE.US,科尔黛伦矿业
YALA.US,雅乐科技
WEST.US,Westrock Coffee
CHI.US,Calamos转换收入基金
XMTR.US,Xometry
TTI.US,脂鲤技术
RDFN.US,Redfin
NYMT.US,纽约抵押信托
GRNT.US,Granite Ridge
RMR.US,The RMR Group
AC.US,Associated Capital
CRON.US,Cronos Group
VTOL.US,Bristow Group
ADMA.US,Adma生物制品
WW.US,慧俪轻体
PRM.US,Perimeter Solutions
NOAH.US,诺亚财富
BZH.US,贝哲房屋
OSTK.US,Overstock.com
ASLE.US,AerSale
WRLD.US,环球验收
BRKL.US,布鲁克赖恩银行
SKIN.US,The Beauty Health
CAPL.US,CrossAmerica
TIGR.US,老虎证券
NAMS.US,NewAmsterdam Pharma
YEXT.US,Yext
MEI.US,梅索德电子
COLL.US,Collegium制药
HCSG.US,医疗保健服务
RSKD.US,Riskified
BRCC.US,BRC
WLKP.US,Westlake Chemical
VERV.US,Verve Therapeutics
DRD.US,DRDGOLD
SPTN.US,SpartanNash
KIDS.US,Orthopediatrics
ALTI.US,AlTi Global
KRUS.US,Kura Sushi USA
NRGX.US,Pimco基金
VREX.US,Varex Imaging
TRNS.US,特斯卡
ATRI.US,Atrion
SANA.US,Sana Biotechnology
HY.US,海斯特-耶鲁物料运输
BGS.US,B&G食品
IBRX.US,ImmunityBio
RGNX.US,Regenxbio
BDN.US,布兰迪维因房地产信托
CNDT.US,Conduent
CGBD.US,Carlyle Secured
DCOM.US,迪募社区银行
RDUS.US,Radius Recycling
NFGC.US,New Found Gold
PLL.US,Piedmont Lithium
SCSC.US,数码扫描
LXU.US,LSB工业材料
PNT.US,POINT Biopharma
UTL.US,Unitil
ETD.US,伊森艾伦室内装饰
PSFE.US,Paysafe
TTGT.US,Techtarget旅游
BCYC.US,Bicycle治疗
PL.US,Planet Labs
SAVA.US,木薯科学
DBI.US,DSW鞋类专卖
AHH.US,Armada Hoffler
SBGI.US,辛克莱广播
ADPT.US,Adaptive生物技术
BXC.US,布鲁林克斯
CLCO.US,Cool Company
BIGC.US,Bigcommerce Holdings
ARCT.US,Arcturus医疗
CCO.US,清晰频道户外控股
WKME.US,WalkMe
RPAY.US,Repay控股
BV.US,Brightview Holdings
SMP.US,Standard Motor
CRAI.US,CRA国际
EVLV.US,Evolv Technologies
FTCH.US,Farfetch
AMRK.US,A-mark Precious
PDM.US,Piedmont办公室地产
FREY.US,FREYR Battery
PRAA.US,PRA Group
DLY.US,DoubleLine
AMAM.US,Ambrx Biopharma
GDOT.US,Green Dot
GNLX.US,Genelux
COMM.US,康普
ASTL.US,Algoma Steel Group
KIND.US,Nextdoor Holdings
SP.US,SP Plus
BIOX.US,Bioceres Crop
IIIV.US,i3 Verticals
WDI.US,Western Asset
NVRO.US,Nevro
AVO.US,Mission Produce
LOMA.US,Loma Negra
REX.US,雷克斯美国资源
TCPC.US,BlackRock TCP
PLOW.US,道格拉斯动力
HZO.US,海上麦斯服务
SNPO.US,Snap One Holdings
RDWR.US,Radware
SES.US,SES AI
CNOB.US,ConnectOne
BANC.US,加州银行
NMM.US,纳维奥斯海运
NRDS.US,NerdWallet
TMP.US,汤普金斯金融
SCU.US,Sculptor Capital
GOTU.US,高途
VRDN.US,Viridian
SILV.US,SilverCrest Metals
GTN.US,格林电视
FUBO.US,fuboTV
CBL.US,CBL金融
STEM.US,Stem
PRLB.US,Proto实验室
NGD.US,新黄金
KE.US,金博尔电子
LICY.US,Li-Cycle Holdings
NVAX.US,诺瓦瓦克斯医药
GHLD.US,Guild Holdings
DX.US,德尼克斯投资
BALY.US,Bally's
CFFN.US,国会大厦联储
MYE.US,迈尔斯工业股份
KARO.US,Karooooo
LC.US,Lendingclub
ALCC.US,AltC Acquisition
DMRC.US,数字标识
CYRX.US,Cryoport
EOI.US,EV增强型收入基金
ALLG.US,Allego
OBE.US,黑曜石能源
KURA.US,Kura Oncology
HUYA.US,虎牙
WWW.US,沃尔弗林集团
MEGI.US,MainStay CBRE
METCB.US,Ramaco Resources B
TXO.US,TXO Partners GP
MTTR.US,Matterport
RA.US,Brookfield Real
ADTN.US,亚川
HSTM.US,健康流科技
KELYA.US,凯利服务A
ULH.US,环球物流控股
TELL.US,Tellurian
VERA.US,Vera Therapeutics
AACT.US,Ares Acquisition II
HRT.US,HireRight Holdings
EGBN.US,伊格尔合众银行
EDIT.US,Editas Medicine
BWMX.US,Betterware
VTS.US,Vitesse Energy
EXAI.US,Exscientia
GSL.US,环球租船
WOW.US,WideOpenWest
THRY.US,Thryv Holdings
MAXN.US,Maxeon Solar
CCAP.US,Crescent Capital
ATEX.US,Anterix
SCVL.US,嘉年华鞋业
CENX.US,世纪铝业
CABA.US,Cabaletta Bio
SPCE.US,维珍银河
NNDM.US,Nano Dimension
DCO.US,杜科蒙
BLBD.US,Blue Bird
CHUY.US,Chuy's Holdings
PFLT.US,PennantPark
HCKT.US,哈克特服务
PAXS.US,PIMCO Access
PKST.US,Peakstone
HOV.US,霍夫纳尼安
APPS.US,Digital Turbine
AORT.US,Artivion
BRY.US,Berry
BOE.US,贝莱德全球红利信托
HLVX.US,HilleVax
ZH.US,知乎
BYND.US,Beyond Meat
CGC.US,Canopy Growth
INDV.US,Indivior
AGX.US,Argan
TYRA.US,Tyra Biosciences
CIFR.US,Cipher Mining
ALLO.US,Allogene疗法
IIIN.US,Insteel工业
GGR.US,Gogoro
SILK.US,Silk Road Medical
CTBI.US,大众信托合众银行
TRIN.US,Trinity Capital
MLAB.US,梅萨医疗
PUBM.US,Pubmatic
TITN.US,泰坦机械
CDMO.US,Avid Bioservices
DWAC.US,Digital World
PHAT.US,Phathom制药
WTI.US,W&T海底钻探
REPX.US,Riley Exploration
OSBC.US,欧德第二银行
DDD.US,3D系统
NOA.US,北美建筑
EHAB.US,Enhabit
BBSI.US,巴雷特商业服务
TIPT.US,Tiptree
CLSK.US,CleanSpark
IMXI.US,国际货币快递
NVRI.US,Enviri
CLW.US,克利尔沃特纸业
AMTB.US,Amerant银行A
NN.US,NextNav
PFC.US,Premier Financial
HLLY.US,Holley
ITRN.US,Ituran定位和控制
BVH.US,Bluegreen Vacations
RAPT.US,RAPT Therapeutics
CNTA.US,Centessa
VMEO.US,Vimeo
GMRE.US,Global Medical Reit
INN.US,峰会酒店置业
TVTX.US,Travere Therapeutics
JRVR.US,詹姆斯河集团控股
PETQ.US,PetIQ
ARIS.US,Aris Water
ECC.US,Eagle Point Credit
FDMT.US,4D Molecular
HAYN.US,海恩斯国际
OABI.US,OmniAb
TNP.US,查科斯能源海运
FORR.US,佛罗斯特研究
ZEUS.US,奥林匹克钢铁
CCB.US,Coastal Financial
GSBC.US,南方万通金控
CION.US,CION Investment
AIO.US,Virtus AllianzGI基金
SWBI.US,Smith & Wesson品牌
DXPE.US,DXP企业
BELFB.US,贝尔保险丝B
TGI.US,Triumph集团
ALEC.US,Alector
MOV.US,摩凡陀
LDI.US,loanDepot
WEAV.US,Weave Communications
CRMT.US,美国汽车行
LND.US,巴西农业不动产
GNK.US,根科船务贸易
BLFS.US,BioLife Solutions
CECO.US,CECO环保
NMCO.US,Nuveen市信用机会
AMBC.US,Ambac Financial
NR.US,新园能源
HBT.US,HBT Financial
IDT.US,万威B
UHT.US,环球医疗信托
VINP.US,Vinci Partners
TILE.US,Interface
GPRK.US,地质公园
RICK.US,RCI Hospitality控股
AVXL.US,Anavex Life Sciences
CVLG.US,Covenant Logistics
SD.US,桑德里奇能源
HFWA.US,Heritage金融银行
VVI.US,Viad
FCBC.US,第一社区银行股份
HFRO.US,Highland
KAMN.US,卡曼
HCAT.US,Health Catalyst
BJRI.US,Bjs餐饮
LWLG.US,Lightwave Logic
TRTX.US,TPG RE Finance Trust
DYN.US,Dyne
MERC.US,美世国际
TARS.US,Tarsus
ACCO.US,ACCO Brands
FC.US,富兰克林柯维
YORW.US,The York Water
YSG.US,逸仙电商
AONC.US,American Oncology
TK.US,帝凯海运
OTLY.US,Oatly Group AB
APLD.US,Applied Digital
EBF.US,恩尼斯
HDSN.US,哈德森科技
CALT.US,Calliditas
OM.US,Outset Medical
BIT.US,贝莱德多种类收益信托
TSHA.US,Taysha Gene
IRMD.US,Iradimed
NRDY.US,Nerdy
THRN.US,Thorne HealthTech
BME.US,贝莱德健康科学信托
EDN.US,恩普雷萨电力
MVST.US,Microvast Holdings
CHS.US,Chico's FAS
CDLX.US,Cardlytics
HIBB.US,希贝特
SRI.US,斯通里奇
SNBR.US,Sleep Number
ELVN.US,Enliven
VTRU.US,Vitru
BHK.US,贝莱德核心债券
ACRE.US,阿瑞斯商业地产
DHC.US,Diversified
WVE.US,Wave Life Sciences
FMBH.US,First Mid Bancshares
JOUT.US,约翰逊户外
PBI.US,必能宝
PAHC.US,Phibro Animal Health
CLOV.US,Clover Health
SMRT.US,SmartRent
FCEL.US,燃料电池能源
ISPR.US,Ispire Technology
LQDT.US,流动性服务
DCGO.US,DocGo
GHRS.US,GH Research
ASC.US,阿德莫尔海运
GLDD.US,大湖船坞
FRPH.US,FRP Holdings
OIS.US,石油斯特国际
AMAL.US,Amalgamated
EOLS.US,Evolus
SHYF.US,The Shyft Group
MAX.US,Mediaalpha
RWAY.US,Runway Growth
BMEA.US,Biomea Fusion
GFR.US,Greenfire Resources
IGIC.US,International
LAND.US,格莱斯顿田野
AMCX.US,AMC网络
CASS.US,卡斯信息系统
OLMA.US,Olema
ATNI.US,大西洋电讯
RPTX.US,Repare
MTW.US,马尼托沃克
LANV.US,Lanvin Group
SSP.US,EW史立普斯报业
NPK.US,帕斯托工业
BGY.US,贝莱德增强型国际红利
CMPO.US,CompoSecure
SVRA.US,Savara
BOC.US,Boston Omaha
FPI.US,Farmland
CCD.US,Calamos Dynamic
RGP.US,资源联合
ATRO.US,太空电子
TRST.US,梅隆银行
HTBK.US,文物商业
GRVY.US,格雷维蒂
HSII.US,海德思哲服务
BGB.US,Blackstone Strategic
MODV.US,ModivCare
IHRT.US,iHeartMedia
UVSP.US,Univest金融
SNDL.US,SNDL
GPRO.US,Gopro
UFCS.US,联合火险
ABAT.US,American Battery
NGL.US,Ngl能源合作伙伴
SLI.US,Standard Lithium
MBWM.US,莫肯特尔银行
GOOD.US,格拉德斯通商业
CCSI.US,Consensus Cloud
DGICA.US,多尼戈尔股份A
LEGH.US,Legacy住房
HAFC.US,韩美金融
CFB.US,CrossFirst银行股
HROW.US,Harrow Health
ALNT.US,Allient
FTHY.US,First Trust High
EVA.US,Enviva
CCBG.US,都市银行集团
MCBS.US,MetroCity Bankshares
QNST.US,QuinStreet
MITK.US,Mitek系统
BBCP.US,Concrete Pumping
CEM.US,ClearBridge MLP
GAMB.US,Gambling.com Group
URGN.US,乌龙制药
VITL.US,Vital Farms
MCS.US,马库斯
TBPH.US,Theravance生物制药
BTO.US,John Hancock
CATC.US,Cambridge Bancorp
WSR.US,Whitestone房地产
TRDA.US,Entrada Therapeutics
MPX.US,海洋产品
FDUS.US,Fidus投资
IAUX.US,i-80 Gold
RNA.US,Avidity Biosciences
DESP.US,Despegar.com
DHIL.US,钻石山投资集团
LASR.US,nLIGHT
EXK.US,Endeavour Silver
TBLD.US,Thornburg Income
BOOM.US,DMC Global
PIII.US,P3 Health Partners
RXT.US,Rackspace Technology
VNET.US,世纪互联
HVT.US,哈弗蒂家具
CLFD.US,克利尔菲尔德通讯
ME.US,23andMe
METC.US,Ramaco Resources A
HCVI.US,Hennessy Capital VI
ACRS.US,Aclaris Therapeutics
CVGW.US,卡拉沃养殖
ASPN.US,Aspen Aerogels
DENN.US,丹尼快餐店
BLE.US,贝莱德市政收入II
CEVA.US,Ceva
SGU.US,星辰天然气
BLW.US,贝莱德有限存续期信托
DM.US,Desktop Metal
QD.US,趣店
IYW.US,美国科技股指数
UUP.US,做多美元指数
,
,
,
,
,
,
,
,
,
,
,
,
,
,
,
,
,
,
,
,
,
,
,
,
,
,
,
,
,
,
,
,
,
,
,
,
,
,
,
,
,
,
,
,
,
,
,
,
,
,
,
,
,
,
,
,
,
,
,
,
,
,
,
,
,
,
,
,
,
,
,
,
,
,
,
,
,
,
,
,
,
,
,
,
,
,
,
,
,
,
,
,
,
,
,
,
,
,
,
,
,
,
,
,
,
,
,
,
,
,
,
,
,
,
,
,
,
,
,
,
,
,
,
,
,
,
,
,
,
,
,
,
,
,
,
,
,
,
,
,
,
,
,
,
,
,
,
,
,
,
,
,
,
,
,
,
,
,
,
,
,
,
,
,
,
,
,
,
,
,
,
,
,
,
,
,
,
,
,
,
,
,
,
,
,
,
,
,
,
,
,
,
,
,
,
,
,
,
,
,
,
,
,
,
,
,
,
,
,
,
,
,
,
,
,
,
,
,
,
,
,
,
,
,
,
,
,
,
,
,
,
,
,
,
,
,
,
,
,
,
,
,
,
,
,
,
,
,
,
,
,
,
,
,
,
,
,
,
,
,
,
,
,
,
,
,
,
,
,
,
,
,
,
,
,
,
,
,
,
,
,
,
,
,
,
,
,
,
,
,
,
,
,
,
,
,
,
,
,
,
,
,
,
,
,
,
,
,
,
,
,
,
,
,
,
,
,
,
,
,
,
,
,
,
,
,
,
,
,
,
,
,
,
,
,
,
,
,
,
,
,
,
,
,
,
,
,
,
,
,
,
,
,
,
,
,
,
,
,
,
,
,
,
,
,
,
,
,
,
,
,
,
,
,
,
,
,
,
,
,
,
,
,
,
,
,
,
,
,
,
,
,
,
,
,
,
,
,
,
,
,
,
,
,
,
,
,
,
,
,
,
,
,
,
,
,
,
,
,
,
,
,
,
,
,
,
,
,
,
,
,
,
,
,
,
,
,
,
,
,
,
,
,
,
,
,
,
,
,
,
,
,
,
,
,
,
,
,
,
,
,
,
,
,
,
,
,
,
,
,
,
,
,
,
,
,
,
,
,
,
,
,
,
,
,
,
,
,
,
,
,
,
,
,
,
,
,
,
,
,
,
,
,
,
,
,
,
,
,
,
,
,
,
,
,
,
,
,
,
,
,
,
,
,
,
,
,
,
,
,
,
,
,
,
,
,
,
,
,
,
,
,
,
,
,
,
,
,
,
,
,
,
,
,
,
,
,
,
,
,
,
,
,
,
,
,
,
,
,
,
,
,
,
,
,
,
,
,
,
,
,
,
,
,
,
,
,
,
,
,
,
,
,
,
,
,
,
,
,
,
,
,
,
,
,
,
,
,
,
,
,
,
,
,
,
,
,
,
,
,
,
,
,
,
,
,
,
,
,
,
,
,
,
,
,
,
,
,
,
,
,
,
,
,
,
,
,
,
,
,
,
,
,
,
,
,
,
,
,
,
,
,
,
,
,
,
,
,
,
,
,
,
,
,
,
,
,
,
,
,
,
,
,
,
,
,
,
,
,
,
,
,
,
,
,
,
,
,
,
,
,
,
,
,
,
,
,
,
,
,
,
,
,
,
,
,
,
,
,
,
,
,
,
,
,
,
,
,
,
,
,
,
,
,
,
,
,
,
,
,
,
,
,
,
,
,
,
,
,
,
,
,
,
,
,
,
,
,
,
,
,
,
,
,
,
,
,
,
,
,
,
,
,
,
,
,
,
,
,
,
,
,
,
,
,
,
,
,
,
,
,
,
,
,
,
,
,
,
,
,
,
,
,
,
,
,
,
,
,
,
,
,
,
,
,
,
,
,
,
,
,
,
,
,
,
,
,
,
,
,
,
,
,
,
,
,
,
,
,
,
,
,
,
,
,
,
,
,
,
,
,
,
,
,
,
,
,
,
,
,
,
,
,
,
,
,
,
,
,
,
,
,
,
,
,
,
,
,
,
,
,
,
,
,
,
,
,
,
,
,
,
,
,
,
,
,
,
,
,
,
,
,
,
,
,
,
,
,
,
,
,
,
,
,
,
,
,
,
,
,
,
,
,
,
,
,
,
,
,
,
,
,
,
,
,
,
,
,
,
,
,
,
,
,
,
,
,
,
,
,
,
,
,
,
,
,
,
,
,
,
,
,
,
,
,
,
,
,
,
,
,
,
,
,
,
,
,
,
,
,
,
,
,
,
,
,
,
,
,
,
,
,
,
,
,
,
,
,
,
,
,
,
,
,
,
,
,
,
,
,
,
,
,
,
,
,
,
,
,
,
,
,
,
,
,
,
,
,
,
,
,
,
,
,
,
,
,
,
,
,
,
,
,
,
,
,
,
,
,
,
,
,
,
,
,
,
,
,
,
,
,
,
,
,
,
,
,
,
,
,
,
,
,
,
,
,
,
,
,
,
,
,
,
,
,
,
,
,
,
,
,
,
,
,
,
,
,
,
,
,
,
,
,
,
,
,
,
,
,
,
,
,
,
,
,
,
,
,
,
,
,
,
,
,
,
,
,
,
,
,
,
,
,
,
,
,
,
,
,
,
,
,
,
,
,
,
,
,
,
,
,
,
,
,
,
,
,
,
,
,
,
,
,
,
,
,
,
,
,
,
,
,
,
,
,
,
,
,
,
,
,
,
,
,
,
,
,
,
,
,
,
,
,
,
,
,
,
,
,
,
,
,
,
,
,
,
,
,
,
,
,
,
,
,
,
,
,
,
,
,
,
,
,
,
,
,
,
,
,
,
,
,
,
,
,
,
,
,
,
,
,
,
,
,
,
,
,
,
,
,
,
,
,
,
,
,
,
,
,
,
,
,
,
,
,
,
,
,
,
,
,
,
,
,
,
,
,
,
,
,
,
,
,
,
,
,
,
,
,
,
,
,
,
,
,
,
,
,
,
,
,
,
,
,
,
,
,
,
,
,
,
,
,
,
,
,
,
,
,
,
,
,
,
,
,
,
,
,
,
,
,
,
,
,
,
,
,
,
,
,
,
,
,
,
,
,
,
,
,
,
,
,
,
,
,
,
,
,
,
,
,
,
,
,
,
,
,
,
,
,
,
,
,
,
,
,
,
,
,
,
,
,
,
,
,
,
,
,
,
,
,
,
,
,
,
,
,
,
,
,
,
,
,
,
,
,
,
,
,
,
,
,
,
,
,
,
,
,
,
,
,
,
,
,
,
,
,
,
,
,
,
,
,
,
,
,
,
,
,
,
,
,
,
,
,
,
,
,
,
,
,
,
,
,
,
,
,
,
,
,
,
,
,
,
,
,
,
,
,
,
,
,
,
,
,
,
,
,
,
,
,
,
,
,
,
,
,
,
,
,
,
,
,
,
,
,
,
,
,
,
,
,
,
,
,
,
,
,
,
,
,
,
,
,
,
,
,
,
,
,
,
,
,
,
,
,
,
,
,
,
,
,
,
,
,
,
,
,
,
,
,
,
,
,
,
,
,
,
,
,
,
,
,
,
,
,
,
,
,
,
,
,
,
,
,
,
,
,
,
,
,
,
,
,
,
,
,
,
,
,
,
,
,
,
,
,
,
,
,
,
,
,
,
,
,
,
,
,
,
,
,
,
,
,
,
,
,
,
,
,
,
,
,
,
,
,
,
,
,
,
,
,
,
,
,
,
,
,
,
,
,
,
,
,
,
,
,
,
,
,
,
,
,
,
,
,
,
,
,
,
,
,
,
,
,
,
,
,
,
,
,
,
,
,
,
,
,
,
,
,
,
,
,
,
,
,
,
,
,
,
,
,
,
,
,
,
,
,
,
,
,
,
,
,
,
,
,
,
,
,
,
,
,
,
,
,
,
,
,
,
,
,
,
,
,
,
,
,
,
,
,
,
,
,
,
,
,
,
,
,
,
,
,
,
,
,
,
,
,
,
,
,
,
,
,
,
,
,
,
,
,
,
,
,
,
,
,
,
,
,
,
,
,
,
,
,
,
,
,
,
,
,
,
,
,
,
,
,
,
,
,
,
,
,
,
,
,
,
,
,
,
,
,
,
,
,
,
,
,
,
,
,
,
,
,
,
,
,
,
,
,
,
,
,
,
,
,
,
,
,
,
,
,
,
,
,
,
,
,
,
,
,
,
,
,
,
,
,
,
,
,
,
,
,
,
,
,
,
,
,
,
,
,
,
,
,
,
,
,
,
,
,
,
,
,
,
,
,
,
,
,
,
,
,
,
,
,
,
,
,
,
,
,
,
,
,
,
,
,
,
,
,
,
,
,
,
,
,
,
,
,
,
,
,
,
,
,
,
,
,
,
,
,
,
,
,
,
,
,
,
,
,
,
,
,
,
,
,
,
,
,
,
,
,
,
,
,
,
,
,
,
,
,
,
,
,
,
,
,
,
,
,
,
,
,
,
,
,
,
,
,
,
,
,
,
,
,
,
,
,
,
,
,
,
,
,
,
,
,
,
,
,
,
,
,
,
,
,
,
,
,
,
,
,
,
,
,
,
,
,
,
,
,
,
,
,
,
,
,
,
,
,
,
,
,
,
,
,
,
,
,
,
,
,
,
,
,
,
,
,
,
,
,
,
,
,
,
,
,
,
,
,
,
,
,
,
,
,
,
,
,
,
,
,
,
,
,
,
,
,
,
,
,
,
,
,
,
,
,
,
,
,
,
,
,
,
,
,
,
,
,
,
,
,
,
,
,
,
,
,
,
,
,
,
,
,
,
,
,
,
,
,
,
,
,
,
,
,
,
,
,
,
,
,
,
,
,
,
,
,
,
,
,
,
,
,
,
,
,
,
,
,
,
,
,
,
,
,
,
,
,
,
,
,
,
,
,
,
,
,
,
,
,
,
,
,
,
,
,
,
,
,
,
,
,
,
,
,
,
,
,
,
,
,
,
,
,
,
,
,
,
,
,
,
,
,
,
,
,
,
,
,
,
,
,
,
,
,
,
,
,
,
,
,
,
,
,
,
,
,
,
,
,
,
,
,
,
,
,
,
,
,
,
,
,
,
,
,
,
,
,
,
,
,
,
,
,
,
,
,
,
,
,
,
,
,
,
,
,
,
,
,
,
,
,
,
,
,
,
,
,
,
,
,
,
,
,
,
,
,
,
,
,
,
,
,
,
,
,
,
,
,
,
,
,
,
,
,
,
,
,
,
,
,
,
,
,
,
,
,
,
,
,
,
,
,
,
,
,
,
,
,
,
,
,
,
,
,
,
,
,
,
,
,
,
,
,
,
,
,
,
,
,
,
,
,
,
,
,
,
,
,
,
,
,
,
,
,
,
,
,
,
,
,
,
,
,
,
,
,
,
,
,
,
,
,
,
,
,
,
,
,
,
,
,
,
,
,
,
,
,
,
,
,
,
,
,
,
,
,
,
,
,
,
,
,
,
,
,
,
,
,
,
,
,
,
,
,
,
,
,
,
,
,
,
,
,
,
,
,
,
,
,
,
,
,
,
,
,
,
,
,
,
,
,
,
,
,
,
,
,
,
,
,
,
,
,
,
,
,
,
,
,
,
,
,
,
,
,
,
,
,
,
,
,
,
,
,
,
,
,
,
,
,
,
,
,
,
,
,
,
,
,
,
,
,
,
,
,
,
,
,
,
,
,
,
,
,
,
,
,
,
,
,
,
,
,
,
,
,
,
,
,
,
,
,
,
,
,
,
,
,
,
,
,
,
,
,
,
,
,
,
,
,
,
,
,
,
,
,
,
,
,
,
,
,
,
,
,
,
,
,
,
,
,
,
,
,
,
,
,
,
,
,
,
,
,
,
,
,
,
,
,
,
,
,
,
,
,
,
,
,
,
,
,
,
,
,
,
,
,
,
,
,
,
,
,
,
,
,
,
,
,
,
,
,
,
,
,
,
,
,
,
,
,
,
,
,
,
,
,
,
,
,
,
,
,
,
,
,
,
,
,
,
,
,
,
,
,
,
,
,
,
,
,
,
,
,
,
,
,
,
,
,
,
,
,
,
,
,
,
,
,
,
,
,
,
,
,
,
,
,
,
,
,
,
,
,
,
,
,
,
,
,
,
,
,
,
,
,
,
,
,
,
,
,
,
,
,
,
,
,
,
,
,
,
,
,
,
,
,
,
,
,
,
,
,
,
,
,
,
,
,
,
,
,
,
,
,
,
,
,
,
,
,
,
,
,
,
,
,
,
,
,
,
,
,
,
,
,
,
,
,
,
,
,
,
,
,
,
,
,
,
,
,
,
,
,
,
,
,
,
,
,
,
,
,
,
,
,
,
,
,
,
,
,
,
,
,
,
,
,
,
,
,
,
,
,
,
,
,
,
,
,
,
,
,
,
,
,
,
,
,
,
,
,
,
,
,
,
,
,
,
,
,
,
,
,
,
,
,
,
,
,
,
,
,
,
,
,
,
,
,
,
,
,
,
,
,
,
,
,
,
,
,
,
,
,
,
,
,
,
,
,
,
,
,
,
,
,
,
,
,
,
,
,
,
,
,
,
,
,
,
,
,
,
,
,
,
,
,
,
,
,
,
,
,
,
,
,
,
,
,
,
,
,
,
,
,
,
,
,
,
,
,
,
,
,
,
,
,
,
,
,
,
,
,
,
,
,
,
,
,
,
,
,
,
,
,
,
,
,
,
,
,
,
,
,
,
,
,
,
,
,
,
,
,
,
,
,
,
,
,
,
,
,
,
,
,
,
,
,
,
,
,
,
,
,
,
,
,
,
,
,
,
,
,
,
,
,
,
,
,
,
,
,
,
,
,
,
,
,
,
,
,
,
,
,
,
,
,
,
,
,
,
,
,
,
,
,
,
,
,
,
,
,
,
,
,
,
,
,
,
,
,
,
,
,
,
,
,
,
,
,
,
,
,
,
,
,
,
,
,
,
,
,
,
,
,
,
,
,
,
,
,
,
,
,
,
,
,
,
,
,
,
,
,
,
,
,
,
,
,
,
,
,
,
,
,
,
,
,
,
,
,
,
,
,
,
,
,
,
,
,
,
,
,
,
,
,
,
,
,
,
,
,
,
,
,
,
,
,
,
,
,
,
,
,
,
,
,
,
,
,
,
,
,
,
,
,
,
,
,
,
,
,
,
,
,
,
,
,
,
,
,
,
,
,
,
,
,
,
,
,
,
,
,
,
,
,
,
,
,
,
,
,
,
,
,
,
,
,
,
,
,
,
,
,
,
,
,
,
,
,
,
,
,
,
,
,
,
,
,
,
,
,
,
,
,
,
,
,
,
,
,
,
,
,
,
,
,
,
,
,
,
,
,
,
,
,
,
,
,
,
,
,
,
,
,
,
,
,
,
,
,
,
,
,
,
,
,
,
,
,
,
,
,
,
,
,
,
,
,
,
,
,
,
,
,
,
,
,
,
,
,
,
,
,
,
,
,
,
,
,
,
,
,
,
,
,
,
,
,
,
,
,
,
,
,
,
,
,
,
,
,
,
,
,
,
,
,
,
,
,
,
,
,
,
,
,
,
,
,
,
,
,
,
,
,
,
,
,
,
,
,
,
,
,
,
,
,
,
,
,
,
,
,
,
,
,
,
,
,
,
,
,
,
,
,
,
,
,
,
,
,
,
,
,
,
,
,
,
,
,
,
,
,
,
,
,
,
,
,
,
,
,
,
,
,
,
,
,
,
,
,
,
,
,
,
,
,
,
,
,
,
,
,
,
,
,
,
,
,
,
,
,
,
,
,
,
,
,
,
,
,
,
,
,
,
,
,
,
,
,
,
,
,
,
,
,
,
,
,
,
,
,
,
,
,
,
,
,
,
,
,
,
,
,
,
,
,
,
,
,
,
,
,
,
,
,
,
,
,
,
,
,
,
,
,
,
,
,
,
,
,
,
,
,
,
,
,
,
,
,
,
,
,
,
,
,
,
,
,
,
,
,
,
,
,
,
,
,
,
,
,
,
,
,
,
,
,
,
,
,
,
,
,
,
,
,
,
,
,
,
,
,
,
,
,
,
,
,
,
,
,
,
,
,
,
,
,
,
,
,
,
,
,
,
,
,
,
,
,
,
,
,
,
,
,
,
,
,
,
,
,
,
,
,
,
,
,
,
,
,
,
,
,
,
,
,
,
,
,
,
,
,
,
,
,
,
,
,
,
,
,
,
,
,
,
,
,
,
,
,
,
,
,
,
,
,
,
,
,
,
,
,
,
,
,
,
,
,
,
,
,
,
,
,
,
,
,
,
,
,
,
,
,
,
,
,
,
,
,
,
,
,
,
,
,
,
,
,
,
,
,
,
,
,
,
,
,
,
,
,
,
,
,
,
,
,
,
,
,
,
,
,
,
,
,
,
,
,
,
,
,
,
,
,
,
,
,
,
,
,
,
,
,
,
,
,
,
,
,
,
,
,
,
,
,
,
,
,
,
,
,
,
,
,
,
,
,
,
,
,
,
,
,
,
,
,
,
,
,
,
,
,
,
,
,
,
,
,
,
,
,
,
,
,
,
,
,
,
,
,
,
,
,
,
,
,
,
,
,
,
,
,
,
,
,
,
,
,
,
,
,
,
,
,
,
,
,
,
,
,
,
,
,
,
,
,
,
,
,
,
,
,
,
,
,
,
,
,
,
,
,
,
,
,
,
,
,
,
,
,
,
,
,
,
,
,
,
,
,
,
,
,
,
,
,
,
,
,
,
,
,
,
,
,
,
,
,
,
,
,
,
,
,
,
,
,
,
,
,
,
,
,
,
,
,
,
,
,
,
,
,
,
,
,
,
,
,
,
,
,
,
,
,
,
,
,
,
,
,
,
,
,
,
,
,
,
,
,
,
,
,
,
,
,
,
,
,
,
,
,
,
,
,
,
,
,
,
,
,
,
,
,
,
,
,
,
,
,
,
,
,
,
,
,
,
,
,
,
,
,
,
,
,
,
,
,
,
,
,
,
,
,
,
,
,
,
,
,
,
,
,
,
,
,
,
,
,
,
,
,
,
,
,
,
,
,
,
,
,
,
,
,
,
,
,
,
,
,
,
,
,
,
,
,
,
,
,
,
,
,
,
,
,
,
,
,
,
,
,
,
,
,
,
,
,
,
,
,
,
,
,
,
,
,
,
,
,
,
,
,
,
,
,
,
,
,
,
,
,
,
,
,
,
,
,
,
,
,
,
,
,
,
,
,
,
,
,
,
,
,
,
,
,
,
,
,
,
,
,
,
,
,
,
,
,
,
,
,
,
,
,
,
,
,
,
,
,
,
,
,
,
,
,
,
,
,
,
,
,
,
,
,
,
,
,
,
,
,
,
,
,
,
,
,
,
,
,
,
,
,
,
,
,
,
,
,
,
,
,
,
,
,
,
,
,
,
,
,
,
,
,
,
,
,
,
,
,
,
,
,
,
,
,
,
,
,
,
,
,
,
,
,
,
,
,
,
,
,
,
,
,
,
,
,
,
,
,
,
,
,
,
,
,
,
,
,
,
,
,
,
,
,
,
,
,
,
,
,
,
,
,
,
,
,
,
,
,
,
,
,
,
,
,
,
,
,
,
,
,
,
,
,
,
,
,
,
,
,
,
,
,
,
,
,
,
,
,
,
,
,
,
,
,
,
,
,
,
,
,
,
,
,
,
,
,
,
,
,
,
,
,
,
,
,
,
,
,
,
,
,
,
,
,
,
,
,
,
,
,
,
,
,
,
,
,
,
,
,
,
,
,
,
,
,
,
,
,
,
,
,
,
,
,
,
,
,
,
,
,
,
,
,
,
,
,
,
,
,
,
,
,
,
,
,
,
,
,
,
,
,
,
,
,
,
,
,
,
,
,
,
,
,
,
,
,
,
,
,
,
,
,
,
,
,
,
,
,
,
,
,
,
,
,
,
,
,
,
,
,
,
,
,
,
,
,
,
,
,
,
,
,
,
,
,
,
,
,
,
,
,
,
,
,
,
,
,
,
,
,
,
,
,
,
,
,
,
,
,
,
,
,
,
,
,
,
,
,
,
,
,
,
,
,
,
,
,
,
,
,
,
,
,
,
,
,
,
,
,
,
,
,
,
,
,
,
,
,
,
,
,
,
,
,
,
,
,
,
,
,
,
,
,
,
,
,
,
,
,
,
,
,
,
,
,
,
,
,
,
,
,
,
,
,
,
,
,
,
,
,
,
,
,
,
,
,
,
,
,
,
,
,
,
,
,
,
,
,
,
,
,
,
,
,
,
,
,
,
,
,
,
,
,
,
,
,
,
,
,
,
,
,
,
,
,
,
,
,
,
,
,
,
,
,
,
,
,
,
,
,
,
,
,
,
,
,
,
,
,
,
,
,
,
,
,
,
,
,
,
,
,
,
,
,
,
,
,
,
,
,
,
,
,
,
,
,
,
,
,
,
,
,
,
,
,
,
,
,
,
,
,
,
,
,
,
,
,
,
,
,
,
,
,
,
,
,
,
,
,
,
,
,
,
,
,
,
,
,
,
,
,
,
,
,
,
,
,
,
,
,
,
,
,
,
,
,
,
,
,
,
,
,
,
,
,
,
,
,
,
,
,
,
,
,
,
,
,
,
,
,
,
,
,
,
,
,
,
,
,
,
,
,
,
,
,
,
,
,
,
,
,
,
,
,
,
,
,
,
,
,
,
,
,
,
,
,
,
,
,
,
,
,
,
,
,
,
,
,
,
,
,
,
,
,
,
,
,
,
,
,
,
,
,
,
,
,
,
,
,
,
,
,
,
,
,
,
,
,
,
,
,
,
,
,
,
,
,
,
,
,
,
,
,
,
,
,
,
,
,
,
,
,
,
,
,
,
,
,
,
,
,
,
,
,
,
,
,
,
,
,
,
,
,
,
,
,
,
,
,
,
,
,
,
,
,
,
,
,
,
,
,
,
,
,
,
,
,
,
,
,
,
,
,
,
,
,
,
,
,
,
,
,
,
,
,
,
,
,
,
,
,
,
,
,
,
,
,
,
,
,
,
,
,
,
,
,
,
,
,
,
,
,
,
,
,
,
,
,
,
,
,
,
,
,
,
,
,
,
,
,
,
,
,
,
,
,
,
,
,
,
,
,
,
,
,
,
,
,
,
,
,
,
,
,
,
,
,
,
,
,
,
,
,
,
,
,
,
,
,
,
,
,
,
,
,
,
,
,
,
,
,
,
,
,
,
,
,
,
,
,
,
,
,
,
,
,
,
,
,
,
,
,
,
,
,
,
,
,
,
,
,
,
,
,
,
,
,
,
,
,
,
,
,
,
,
,
,
,
,
,
,
,
,
,
,
,
,
,
,
,
,
,
,
,
,
,
,
,
,
,
,
,
,
,
,
,
,
,
,
,
,
,
,
,
,
,
,
,
,
,
,
,
,
,
,
,
,
,
,
,
,
,
,
,
,
,
,
,
,
,
,
,
,
,
,
,
,
,
,
,
,
,
,
,
,
,
,
,
,
,
,
,
,
,
,
,
,
,
,
,
,
,
,
,
,
,
,
,
,
,
,
,
,
,
,
,
,
,
,
,
,
,
,
,
,
,
,
,
,
,
,
,
,
,
,
,
,
,
,
,
,
,
,
,
,
,
,
,
,
,
,
,
,
,
,
,
,
,
,
,
,
,
,
,
,
,
,
,
,
,
,
,
,
,
,
,
,
,
,
,
,
,
,
,
,
,
,
,
,
,
,
,
,
,
,
,
,
,
,
,
,
,
,
,
,
,
,
,
,
,
,
,
,
,
,
,
,
,
,
,
,
,
,
,
,
,
,
,
,
,
,
,
,
,
,
,
,
,
,
,
,
,
,
,
,
,
,
,
,
,
,
,
,
,
,
,
,
,
,
,
,
,
,
,
,
,
,
,
,
,
,
,
,
,
,
,
,
,
,
,
,
,
,
,
,
,
,
,
,
,
,
,
,
,
,
,
,
,
,
,
,
,
,
,
,
,
,
,
,
,
,
,
,
,
,
,
,
,
,
,
,
,
,
,
,
,
,
,
,
,
,
,
,
,
,
,
,
,
,
,
,
,
,
,
,
,
,
,
,
,
,
,
,
,
,
,
,
,
,
,
,
,
,
,
,
,
,
,
,
,
,
,
,
,
,
,
,
,
,
,
,
,
,
,
,
,
,
,
,
,
,
,
,
,
,
,
,
,
,
,
,
,
,
,
,
,
,
,
,
,
,
,
,
,
,
,
,
,
,
,
,
,
,
,
,
,
,
,
,
,
,
,
,
,
,
,
,
,
,
,
,
,
,
,
,
,
,
,
,
,
,
,
,
,
,
,
,
,
,
,
,
,
,
,
,
,
,
,
,
,
,
,
,
,
,
,
,
,
,
,
,
,
,
,
,
,
,
,
,
,
,
,
,
,
,
,
,
,
,
,
,
,
,
,
,
,
,
,
,
,
,
,
,
,
,
,
,
,
,
,
,
,
,
,
,
,
,
,
,
,
,
,
,
,
,
,
,
,
,
,
,
,
,
,
,
,
,
,
,
,
,
,
,
,
,
,
,
,
,
,
,
,
,
,
,
,
,
,
,
,
,
,
,
,
,
,
,
,
,
,
,
,
,
,
,
,
,
,
,
,
,
,
,
,
,
,
,
,
,
,
,
,
,
,
,
,
,
,
,
,
,
,
,
,
,
,
,
,
,
,
,
,
,
,
,
,
,
,
,
,
,
,
,
,
,
,
,
,
,
,
,
,
,
,
,
,
,
,
,
,
,
,
,
,
,
,
,
,
,
,
,
,
,
,
,
,
,
,
,
,
,
,
,
,
,
,
,
,
,
,
,
,
,
,
,
,
,
,
,
,
,
,
,
,
,
,
,
,
,
,
,
,
,
,
,
,
,
,
,
,
,
,
,
,
,
,
,
,
,
,
,
,
,
,
,
,
,
,
,
,
,
,
,
,
,
,
,
,
,
,
,
,
,
,
,
,
,
,
,
,
,
,
,
,
,
,
,
,
,
,
,
,
,
,
,
,
,
,
,
,
,
,
,
,
,
,
,
,
,
,
,
,
,
,
,
,
,
,
,
,
,
,
,
,
,
,
,
,
,
,
,
,
,
,
,
,
,
,
,
,
,
,
,
,
,
,
,
,
,
,
,
,
,
,
,
,
,
,
,
,
,
,
,
,
,
,
,
,
,
,
,
,
,
,
,
,
,
,
,
,
,
,
,
,
,
,
,
,
,
,
,
,
,
,
,
,
,
,
,
,
,
,
,
,
,
,
,
,
,
,
,
,
,
,
,
,
,
,
,
,
,
,
,
,
,
,
,
,
,
,
,
,
,
,
,
,
,
,
,
,
,
,
,
,
,
,
,
,
,
,
,
,
,
,
,
,
,
,
,
,
,
,
,
,
,
,
,
,
,
,
,
,
,
,
,
,
,
,
,
,
,
,
,
,
,
,
,
,
,
,
,
,
,
,
,
,
,
,
,
,
,
,
,
,
,
,
,
,
,
,
,
,
,
,
,
,
,
,
,
,
,
,
,
,
,
,
,
,
,
,
,
,
,
,
,
,
,
,
,
,
,
,
,
,
,
,
,
,
,
,
,
,
,
,
,
,
,
,
,
,
,
,
,
,
,
,
,
,
,
,
,
,
,
,
,
,
,
,
,
,
,
,
,
,
,
,
,
,
,
,
,
,
,
,
,
,
,
,
,
,
,
,
,
,
,
,
,
,
,
,
,
,
,
,
,
,
,
,
,
,
,
,
,
,
,
,
,
,
,
,
,
,
,
,
,
,
,
,
,
,
,
,
,
,
,
,
,
,
,
,
,
,
,
,
,
,
,
,
,
,
,
,
,
,
,
,
,
,
,
,
,
,
,
,
,
,
,
,
,
,
,
,
,
,
,
,
,
,
,
,
,
,
,
,
,
,
,
,
,
,
,
,
,
,
,
,
,
,
,
,
,
,
,
,
,
,
,
,
,
,
,
,
,
,
,
,
,
,
,
,
,
,
,
,
,
,
,
,
,
,
,
,
,
,
,
,
,
,
,
,
,
,
,
,
,
,
,
,
,
,
,
,
,
,
,
,
,
,
,
,
,
,
,
,
,
,
,
,
,
,
,
,
,
,
,
,
,
,
,
,
,
,
,
,
,
,
,
,
,
,
,
,
,
,
,
,
,
,
,
,
,
,
,
,
,
,
,
,
,
,
,
,
,
,
,
,
,
,
,
,
,
,
,
,
,
,
,
,
,
,
,
,
,
,
,
,
,
,
,
,
,
,
,
,
,
,
,
,
,
,
,
,
,
,
,
,
,
,
,
,
,
,
,
,
,
,
,
,
,
,
,
,
,
,
,
,
,
,
,
,
,
,
,
,
,
,
,
,
,
,
,
,
,
,
,
,
,
,
,
,
,
,
,
,
,
,
,
,
,
,
,
,
,
,
,
,
,
,
,
,
,
,
,
,
,
,
,
,
,
,
,
,
,
,
,
,
,
,
,
,
,
,
,
,
,
,
,
,
,
,
,
,
,
,
,
,
,
,
,
,
,
,
,
,
,
,
,
,
,
,
,
,
,
,
,
,
,
,
,
,
,
,
,
,
,
,
,
,
,
,
,
,
,
,
,
,
,
,
,
,
,
,
,
,
,
,
,
,
,
,
,
,
,
,
,
,
,
,
,
,
,
,
,
,
,
,
,
,
,
,
,
,
,
,
,
,
,
,
,
,
,
,
,
,
,
,
,
,
,
,
,
,
,
,
,
,
,
,
,
,
,
,
,
,
,
,
,
,
,
,
,
,
,
,
,
,
,
,
,
,
,
,
,
,
,
,
,
,
,
,
,
,
,
,
,
,
,
,
,
,
,
,
,
,
,
,
,
,
,
,
,
,
,
,
,
,
,
,
,
,
,
,
,
,
,
,
,
,
,
,
,
,
,
,
,
,
,
,
,
,
,
,
,
,
,
,
,
,
,
,
,
,
,
,
,
,
,
,
,
,
,
,
,
,
,
,
,
,
,
,
,
,
,
,
,
,
,
,
,
,
,
,
,
,
,
,
,
,
,
,
,
,
,
,
,
,
,
,
,
,
,
,
,
,
,
,
,
,
,
,
,
,
,
,
,
,
,
,
,
,
,
,
,
,
,
,
,
,
,
,
,
,
,
,
,
,
,
,
,
,
,
,
,
,
,
,
,
,
,
,
,
,
,
,
,
,
,
,
,
,
,
,
,
,
,
,
,
,
,
,
,
,
,
,
,
,
,
,
,
,
,
,
,
,
,
,
,
,
,
,
,
,
,
,
,
,
,
,
,
,
,
,
,
,
,
,
,
,
,
,
,
,
,
,
,
,
,
,
,
,
,
,
,
,
,
,
,
,
,
,
,
,
,
,
,
,
,
,
,
,
,
,
,
,
,
,
,
,
,
,
,
,
,
,
,
,
,
,
,
,
,
,
,
,
,
,
,
,
,
,
,
,
,
,
,
,
,
,
,
,
,
,
,
,
,
,
,
,
,
,
,
,
,
,
,
,
,
,
,
,
,
,
,
,
,
,
,
,
,
,
,
,
,
,
,
,
,
,
,
,
,
,
,
,
,
,
,
,
,
,
,
,
,
,
,
,
,
,
,
,
,
,
,
,
,
,
,
,
,
,
,
,
,
,
,
,
,
,
,
,
,
,
,
,
,
,
,
,
,
,
,
,
,
,
,
,
,
,
,
,
,
,
,
,
,
,
,
,
,
,
,
,
,
,
,
,
,
,
,
,
,
,
,
,
,
,
,
,
,
,
,
,
,
,
,
,
,
,
,
,
,
,
,
,
,
,
,
,
,
,
,
,
,
,
,
,
,
,
,
,
,
,
,
,
,
,
,
,
,
,
,
,
,
,
,
,
,
,
,
,
,
,
,
,
,
,
,
,
,
,
,
,
,
,
,
,
,
,
,
,
,
,
,
,
,
,
,
,
,
,
,
,
,
,
,
,
,
,
,
,
,
,
,
,
,
,
,
,
,
,
,
,
,
,
,
,
,
,
,
,
,
,
,
,
,
,
,
,
,
,
,
,
,
,
,
,
,
,
,
,
,
,
,
,
,
,
,
,
,
,
,
,
,
,
,
,
,
,
,
,
,
,
,
,
,
,
,
,
,
,
,
,
,
,
,
,
,
,
,
,
,
,
,
,
,
,
,
,
,
,
,
,
,
,
,
,
,
,
,
,
,
,
,
,
,
,
,
,
,
,
,
,
,
,
,
,
,
,
,
,
,
,
,
,
,
,
,
,
,
,
,
,
,
,
,
,
,
,
,
,
,
,
,
,
,
,
,
,
,
,
,
,
,
,
,
,
,
,
,
,
,
,
,
,
,
,
,
,
,
,
,
,
,
,
,
,
,
,
,
,
,
,
,
,
,
,
,
,
,
,
,
,
,
,
,
,
,
,
,
,
,
,
,
,
,
,
,
,
,
,
,
,
,
,
,
,
,
,
,
,
,
,
,
,
,
,
,
,
,
,
,
,
,
,
,
,
,
,
,
,
,
,
,
,
,
,
,
,
,
,
,
,
,
,
,
,
,
,
,
,
,
,
,
,
,
,
,
,
,
,
,
,
,
,
,
,
,
,
,
,
,
,
,
,
,
,
,
,
,
,
,
,
,
,
,
,
,
,
,
,
,
,
,
,
,
,
,
,
,
,
,
,
,
,
,
,
,
,
,
,
,
,
,
,
,
,
,
,
,
,
,
,
,
,
,
,
,
,
,
,
,
,
,
,
,
,
,
,
,
,
,
,
,
,
,
,
,
,
,
,
,
,
,
,
,
,
,
,
,
,
,
,
,
,
,
,
,
,
,
,
,
,
,
,
,
,
,
,
,
,
,
,
,
,
,
,
,
,
,
,
,
,
,
,
,
,
,
,
,
,
,
,
,
,
,
,
,
,
,
,
,
,
,
,
,
,
,
,
,
,
,
,
,
,
,
,
,
,
,
,
,
,
,
,
,
,
,
,
,
,
,
,
,
,
,
,
,
,
,
,
,
,
,
,
,
,
,
,
,
,
,
,
,
,
,
,
,
,
,
,
,
,
,
,
,
,
,
,
,
,
,
,
,
,
,
,
,
,
,
,
,
,
,
,
,
,
,
,
,
,
,
,
,
,
,
,
,
,
,
,
,
,
,
,
,
,
,
,
,
,
,
,
,
,
,
,
,
,
,
,
,
,
,
,
,
,
,
,
,
,
,
,
,
,
,
,
,
,
,
,
,
,
,
,
,
,
,
,
,
,
,
,
,
,
,
,
,
,
,
,
,
,
,
,
,
,
,
,
,
,
,
,
,
,
,
,
,
,
,
,
,
,
,
,
,
,
,
,
,
,
,
,
,
,
,
,
,
,
,
,
,
,
,
,
,
,
,
,
,
,
,
,
,
,
,
,
,
,
,
,
,
,
,
,
,
,
,
,
,
,
,
,
,
,
,
,
,
,
,
,
,
,
,
,
,
,
,
,
,
,
,
,
,
,
,
,
,
,
,
,
,
,
,
,
,
,
,
,
,
,
,
,
,
,
,
,
,
,
,
,
,
,
,
,
,
,
,
,
,
,
,
,
,
,
,
,
,
,
,
,
,
,
,
,
,
,
,
,
,
,
,
,
,
,
,
,
,
,
,
,
,
,
,
,
,
,
,
,
,
,
,
,
,
,
,
,
,
,
,
,
,
,
,
,
,
,
,
,
,
,
,
,
,
,
,
,
,
,
,
,
,
,
,
,
,
,
,
,
,
,
,
,
,
,
,
,
,
,
,
,
,
,
,
,
,
,
,
,
,
,
,
,
,
,
,
,
,
,
,
,
,
,
,
,
,
,
,
,
,
,
,
,
,
,
,
,
,
,
,
,
,
,
,
,
,
,
,
,
,
,
,
,
,
,
,
,
,
,
,
,
,
,
,
,
,
,
,
,
,
,
,
,
,
,
,
,
,
,
,
,
,
,
,
,
,
,
,
,
,
,
,
,
,
,
,
,
,
,
,
,
,
,
,
,
,
,
,
,
,
,
,
,
,
,
,
,
,
,
,
,
,
,
,
,
,
,
,
,
,
,
,
,
,
,
,
,
,
,
,
,
,
,
,
,
,
,
,
,
,
,
,
,
,
,
,
,
,
,
,
,
,
,
,
,
,
,
,
,
,
,
,
,
,
,
,
,
,
,
,
,
,
,
,
,
,
,
,
,
,
,
,
,
,
,
,
,
,
,
,
,
,
,
,
,
,
,
,
,
,
,
,
,
,
,
,
,
,
,
,
,
,
,
,
,
,
,
,
,
,
,
,
,
,
,
,
,
,
,
,
,
,
,
,
,
,
,
,
,
,
,
,
,
,
,
,
,
,
,
,
,
,
,
,
,
,
,
,
,
,
,
,
,
,
,
,
,
,
,
,
,
,